sample_id,pattern,arrival_pattern,count,disk_size,initial_head,direction,spread,density,clustering,direction_bias,fcfs_dist,sstf_dist,scan_dist,cscan_dist,fcfs_var,sstf_var,scan_var,cscan_var,best_algorithm
1,random,sequential,50,150,6,DOWN,0.7752,0.7246,0.3724,0.2066,2454,143,155,292,12872.78,5920.9,6094.53,6297.11,C-SCAN
2,random,continuous,18,150,139,UP,0.7381,0.2707,0.3456,0.2277,907,138,158,292,3431.75,1085.84,1107.84,1509.77,SSTF
3,random,sequential,12,150,23,UP,0.7534,0.186,0.2436,0.2261,738,234,274,286,1331.93,727.59,849.06,883.53,SSTF
4,random,continuous,48,150,143,UP,0.7929,0.6621,0.3989,0.23,2052,147,153,290,16689.13,6363.22,6414.1,6868.77,C-SCAN
5,random,sequential,24,300,142,UP,0.8569,0.1622,0.3834,0.2503,2546,449,455,566,11218.04,2894.03,2966.27,4024.79,SSTF
6,random,sequential,37,250,71,UP,0.801,0.296,0.3618,0.2358,2754,463,427,496,15971.96,4437.3,4233.99,4631.06,C-SCAN
7,random,random,16,150,97,UP,0.6963,0.2581,0.4604,0.2801,803,155,195,285,1193.92,809.39,944.75,1403.68,SSTF
8,random,bursty,48,250,206,UP,0.7934,0.4034,0.319,0.2209,4294,435,284,493,23378.47,5299.53,5667.31,8681.04,SCAN
9,random,continuous,17,300,40,DOWN,0.7314,0.1298,0.3255,0.2998,1273,279,323,577,7163.09,1172.6,1284.06,2790.93,SSTF
10,random,all_at_once,46,200,180,UP,0.7997,0.4718,0.3552,0.2138,2752,374,218,394,35524.26,6931.26,6757.93,6949.69,C-SCAN
11,random,all_at_once,24,250,20,UP,0.8104,0.2025,0.3971,0.2228,2429,249,471,494,21998.29,2531.57,3075.23,3159.27,SSTF
12,random,random,27,300,186,UP,0.8122,0.1908,0.2874,0.2264,2801,473,405,586,11961.22,3364.77,3396.74,4609.76,SCAN
13,random,continuous,23,250,179,UP,0.8206,0.1878,0.3374,0.2372,1942,330,314,490,11811.93,2533.68,2504.79,3319.4,SCAN
14,random,sequential,20,400,373,UP,0.7748,0.113,0.3762,0.2129,2641,353,405,783,10004.44,2247.96,2549.58,3339.69,C-SCAN
15,random,random,34,250,236,UP,0.8257,0.2857,0.4356,0.2252,3765,241,259,494,25428.69,3951.03,4083.39,4823.67,C-SCAN
16,random,random,24,150,80,DOWN,0.7029,0.3871,0.4047,0.2366,1199,185,221,280,4222.89,1497.81,1715.31,2550.68,SSTF
17,random,sequential,23,400,367,DOWN,0.7581,0.1326,0.4977,0.2453,3222,365,365,365,21348.67,2632.99,2632.99,2632.99,C-SCAN
18,random,random,41,300,234,UP,0.845,0.2761,0.4211,0.2436,3880,360,362,579,38275.57,6844.31,6917.57,7507.79,C-SCAN
19,random,continuous,25,400,275,DOWN,0.7519,0.1416,0.3997,0.2512,2768,593,661,738,22504.09,4412.63,4984.0,5645.3,SSTF
20,random,sequential,47,300,185,UP,0.8453,0.3197,0.43,0.2042,5473,476,411,594,68621.5,9797.51,6196.84,7057.22,C-SCAN
21,random,sequential,41,150,12,UP,0.8495,0.5467,0.4944,0.2326,2138,161,286,297,9801.93,4851.71,4218.35,4092.24,C-SCAN
22,random,bursty,20,300,32,DOWN,0.8003,0.1423,0.3237,0.2573,2401,293,331,575,8953.25,1721.14,1914.38,2181.23,SSTF
23,random,all_at_once,39,400,128,UP,0.754,0.2108,0.4596,0.2456,4697,481,654,796,70976.38,7273.81,8441.95,10393.58,SSTF
24,random,all_at_once,44,250,196,DOWN,0.7894,0.3563,0.5435,0.2375,3044,300,444,498,39292.6,6759.15,8546.21,9086.36,SSTF
25,random,random,37,200,116,UP,0.7871,0.3957,0.3445,0.2271,2506,302,282,397,14830.12,3406.31,4795.12,5205.92,SSTF
26,random,continuous,21,400,54,DOWN,0.808,0.1094,0.2869,0.2952,2811,421,453,783,14957.58,2570.26,2735.84,5377.46,SSTF
27,random,continuous,22,200,95,UP,0.7765,0.2444,0.2984,0.2634,1004,270,296,376,4016.85,2303.44,2508.39,2921.89,SSTF
28,random,all_at_once,10,400,165,DOWN,0.7487,0.0575,0.376,0.2222,1049,575,557,779,4850.26,1635.2,1932.16,3682.07,SSTF
29,random,sequential,33,250,61,UP,0.826,0.2694,0.3047,0.2221,2967,302,434,478,17121.95,4096.06,4594.14,4640.24,C-SCAN
30,random,continuous,15,150,124,UP,0.4852,0.3448,0.3013,0.2326,577,121,171,263,1514.72,705.35,705.35,1025.82,SSTF
31,random,random,18,300,281,UP,0.767,0.13,0.438,0.3494,1039,277,313,597,2209.08,922.12,1008.04,3376.06,SSTF
32,random,random,48,300,108,UP,0.8073,0.3299,0.3271,0.2194,4622,487,483,596,43614.02,6209.72,6018.89,7316.94,SCAN
33,random,all_at_once,33,300,264,DOWN,0.8271,0.2284,0.5116,0.2559,3244,321,561,590,40898.95,4645.69,5804.7,6095.0,SSTF
34,random,continuous,24,150,86,UP,0.8455,0.3265,0.3918,0.2782,1504,231,211,296,9355.4,2054.84,2629.1,3338.41,SSTF
35,random,all_at_once,24,400,112,UP,0.8374,0.124,0.3863,0.2907,3540,493,681,745,37526.72,3988.66,5060.96,5727.59,SSTF
36,random,all_at_once,50,150,58,UP,0.7977,0.6803,0.4733,0.232,2094,202,238,295,30320.65,7875.35,8392.63,9283.79,SSTF
37,random,bursty,14,400,121,DOWN,0.7229,0.0798,0.4017,0.2226,1510,451,493,797,3435.75,870.84,983.06,3631.37,SCAN
38,random,sequential,44,200,185,DOWN,0.8271,0.4422,0.4092,0.234,2817,217,383,394,15525.83,5245.89,5943.31,5882.39,C-SCAN
39,random,bursty,36,200,24,UP,0.8483,0.3618,0.3609,0.2509,3022,374,374,397,7557.91,4534.81,4981.2,4940.24,C-SCAN
40,random,all_at_once,37,300,239,UP,0.7377,0.2711,0.5323,0.2643,3109,323,351,596,36326.79,5361.69,5411.06,6681.71,SSTF
41,random,sequential,35,250,204,UP,0.8044,0.2893,0.4515,0.2261,2238,284,290,497,10120.65,3035.49,3018.47,6034.96,SSTF
42,random,bursty,22,400,229,UP,0.7108,0.129,0.3021,0.2131,2659,479,541,790,11734.31,3242.96,3631.77,5753.51,C-SCAN
43,random,bursty,27,300,127,UP,0.8023,0.1862,0.5086,0.2787,2368,413,468,596,5136.72,3657.89,3695.74,4735.54,SSTF
44,random,all_at_once,16,150,138,UP,0.7738,0.2481,0.3594,0.2843,990,129,149,295,5154.57,1078.27,1105.59,1259.55,SSTF
45,random,bursty,25,200,104,DOWN,0.7528,0.2793,0.3043,0.2682,1613,263,293,393,2394.88,2489.97,2903.75,3954.87,SSTF
46,random,all_at_once,35,150,42,DOWN,0.8485,0.4698,0.4234,0.2224,1505,254,190,293,16047.74,4499.22,4187.41,4729.38,C-SCAN
47,random,continuous,26,300,146,DOWN,0.8144,0.1781,0.3425,0.2163,3288,444,445,597,32348.73,4182.9,3998.27,5385.14,SCAN
48,random,sequential,41,200,48,DOWN,0.822,0.4184,0.4008,0.2216,2696,345,246,396,15662.29,5951.11,4719.09,4931.49,C-SCAN
49,random,all_at_once,47,400,31,DOWN,0.7562,0.2513,0.4272,0.2122,5955,410,428,792,105026.98,8179.74,8104.72,8594.1,C-SCAN
50,random,all_at_once,47,300,257,UP,0.8364,0.3165,0.4302,0.2395,4643,337,339,592,84794.65,8166.5,8251.83,11458.12,SSTF
51,random,sequential,15,200,17,UP,0.7692,0.1648,0.3819,0.326,1064,196,379,388,1990.36,1368.97,1670.39,1658.7,SSTF
52,random,continuous,17,400,126,UP,0.7888,0.0916,0.2274,0.2761,2069,499,671,765,10722.43,2928.75,3779.51,4713.4,SSTF
53,random,random,36,400,289,DOWN,0.7338,0.2069,0.3514,0.2408,4372,413,644,797,29909.21,5577.36,5732.3,7288.82,SSTF
54,random,sequential,30,200,67,DOWN,0.8138,0.3046,0.3597,0.2139,1709,338,264,394,7729.97,3227.43,2438.23,5033.39,SCAN
55,random,all_at_once,29,300,161,UP,0.7514,0.2117,0.3391,0.239,2648,420,421,589,28011.55,4617.06,5059.45,6833.67,SSTF
56,random,continuous,49,400,51,UP,0.7687,0.2606,0.4828,0.2067,5631,713,733,761,82102.94,8289.64,8345.48,8419.93,C-SCAN
57,random,all_at_once,42,250,33,DOWN,0.8199,0.3443,0.3719,0.2346,3599,459,282,498,49965.47,6989.65,6376.96,7143.74,C-SCAN
58,random,continuous,33,250,40,DOWN,0.7925,0.2727,0.3178,0.2649,2971,451,286,496,26035.99,4109.62,3469.03,5180.39,SCAN
59,random,continuous,29,400,334,UP,0.8026,0.1563,0.5376,0.2392,4583,430,440,711,51911.03,4483.57,4597.7,6317.7,SSTF
60,random,all_at_once,16,200,67,UP,0.6077,0.2148,0.3521,0.2278,723,209,323,384,3122.93,1310.53,2053.78,2584.12,SSTF
61,random,continuous,45,200,69,DOWN,0.8331,0.4523,0.318,0.246,2649,271,267,397,26129.66,5324.25,5303.86,7351.28,SCAN
62,random,continuous,31,200,175,DOWN,0.828,0.3163,0.3898,0.2022,1941,367,373,398,14013.66,3895.52,4039.05,4202.2,C-SCAN
63,random,random,26,150,23,DOWN,0.8202,0.3662,0.3889,0.2147,1636,267,172,293,4777.38,2038.95,2623.78,2019.36,C-SCAN
64,random,random,10,250,197,UP,0.5145,0.1399,0.4329,0.2578,895,181,285,459,1677.54,436.4,628.35,837.87,SSTF
65,random,continuous,38,400,361,DOWN,0.8254,0.1969,0.4786,0.2478,4833,410,747,790,51016.99,5720.92,9207.64,9763.16,SSTF
66,random,random,17,150,38,UP,0.7243,0.2576,0.2273,0.2194,885,159,248,291,1485.83,1038.31,766.46,794.23,SCAN
67,random,all_at_once,45,200,110,UP,0.8501,0.4615,0.43,0.2594,3029,304,288,394,38559.15,7668.5,7562.09,8550.1,C-SCAN
68,random,sequential,33,150,91,UP,0.8073,0.4552,0.4298,0.2476,1548,199,205,297,5833.85,3055.72,3134.82,4232.53,SSTF
69,random,continuous,16,250,199,DOWN,0.8145,0.1373,0.4601,0.2306,1441,418,448,497,6701.0,2237.44,2391.89,2732.47,SSTF
70,random,bursty,19,200,41,UP,0.8314,0.1929,0.4416,0.2418,1294,354,354,381,2702.52,1921.23,1921.23,2013.26,SSTF
71,random,sequential,21,250,200,DOWN,0.7189,0.1981,0.3151,0.2435,1698,386,436,498,6700.88,2073.07,2317.52,2499.52,SSTF
72,random,bursty,20,150,97,UP,0.7636,0.2941,0.3061,0.3147,1041,184,194,296,796.36,1565.03,1607.35,2528.58,SSTF
73,random,sequential,22,300,179,DOWN,0.7898,0.1481,0.4537,0.2391,2111,512,476,598,9860.76,2322.4,3025.05,4032.78,SSTF
74,random,random,11,200,102,DOWN,0.7747,0.1189,0.2122,0.3034,801,277,295,369,1289.9,781.91,855.53,1059.58,SSTF
75,random,continuous,27,250,164,DOWN,0.7871,0.2241,0.3257,0.2505,2430,401,407,483,16122.06,3467.88,3547.91,4245.54,SSTF
76,random,continuous,11,150,66,UP,0.8321,0.1549,0.4465,0.3478,614,236,225,278,1660.74,717.23,821.78,1163.26,SSTF
77,random,random,12,150,111,DOWN,0.6292,0.2143,0.3774,0.3241,496,201,243,290,464.87,640.34,779.55,889.01,SSTF
78,random,continuous,48,400,59,DOWN,0.8046,0.2412,0.3836,0.2057,5414,737,458,795,91182.02,9843.35,8496.26,11381.17,SCAN
79,random,continuous,26,150,111,UP,0.7841,0.3662,0.5176,0.2102,1452,197,185,295,8541.09,2341.07,2380.06,3198.89,SCAN
80,random,random,22,250,110,UP,0.8003,0.188,0.5291,0.2456,2323,404,374,483,10719.5,3102.02,2843.4,3240.05,C-SCAN
81,random,bursty,30,150,76,DOWN,0.807,0.4255,0.4286,0.2436,1207,211,221,283,1070.1,3575.73,3704.36,5788.53,FCFS
82,random,sequential,35,250,141,UP,0.7835,0.3004,0.3262,0.2018,3026,329,351,483,23760.07,3611.48,3818.27,5525.94,SSTF
83,random,bursty,34,200,157,DOWN,0.7592,0.3864,0.4603,0.2061,2041,315,349,390,3671.35,4425.71,4663.25,4333.76,FCFS
84,random,bursty,10,250,73,UP,0.7197,0.0943,0.2487,0.2899,662,365,409,465,946.84,1536.44,1764.74,2071.49,FCFS
85,random,bursty,48,250,119,DOWN,0.8143,0.3871,0.372,0.2407,4411,375,366,495,19743.03,6459.16,7596.35,7576.43,SSTF
86,random,all_at_once,23,400,242,UP,0.7959,0.1186,0.4421,0.2387,2417,538,550,775,17542.73,4035.92,4197.68,6919.79,SSTF
87,random,sequential,42,400,171,UP,0.813,0.2234,0.3394,0.2458,6276,543,618,788,81228.08,5918.99,9656.12,11070.52,SSTF
88,random,all_at_once,29,200,50,UP,0.8045,0.3005,0.3408,0.2602,1814,242,348,391,14858.6,3376.84,4061.01,4442.3,SSTF
89,random,bursty,25,300,37,DOWN,0.8318,0.1701,0.398,0.2454,2742,561,334,588,8066.11,2925.18,1947.69,3718.44,SCAN
90,random,bursty,46,200,183,DOWN,0.844,0.467,0.5008,0.2254,3185,222,382,396,13748.31,3949.1,7314.75,6541.88,SSTF
91,random,all_at_once,25,200,167,UP,0.8086,0.2564,0.4494,0.2613,1572,226,226,376,12210.24,2475.58,2475.58,3619.95,SSTF
92,random,all_at_once,24,200,178,DOWN,0.807,0.2526,0.3634,0.2444,1905,357,377,381,15542.57,2648.5,2715.44,2725.7,C-SCAN
93,random,bursty,25,150,116,UP,0.8236,0.3497,0.4929,0.2434,1405,253,177,292,1147.6,2224.53,2218.84,2686.15,FCFS
94,random,bursty,43,400,304,DOWN,0.7654,0.2299,0.3558,0.2449,5242,660,694,784,46408.29,5982.34,6196.43,7171.46,SSTF
95,random,sequential,42,300,280,DOWN,0.8164,0.2958,0.4465,0.2327,4060,554,572,591,33061.46,6136.39,6237.75,6422.71,C-SCAN
96,random,random,40,300,132,UP,0.8109,0.273,0.3105,0.2247,3803,458,460,583,27300.93,4865.38,4921.13,5417.57,C-SCAN
97,random,all_at_once,41,200,70,DOWN,0.7612,0.4457,0.309,0.26,2271,309,266,398,26370.47,6519.18,6146.65,7558.5,SCAN
98,random,random,28,200,69,DOWN,0.7903,0.3011,0.3862,0.2305,1976,252,256,385,10489.09,3232.66,3305.64,4050.61,SSTF
99,random,bursty,15,200,38,UP,0.7464,0.1705,0.4342,0.3448,864,201,348,396,1069.27,848.44,1011.76,1491.24,SSTF
100,random,bursty,19,200,16,DOWN,0.8124,0.1959,0.3364,0.2554,1395,224,212,389,2183.27,1339.71,1346.67,2148.79,SCAN
101,random,sequential,44,300,212,UP,0.807,0.3034,0.4587,0.2152,4300,366,386,591,39854.35,4600.15,4803.91,8387.29,SSTF
102,random,continuous,34,400,356,UP,0.8177,0.1739,0.3406,0.2171,4289,743,439,793,50349.86,6294.22,4823.5,6257.11,SCAN
103,random,bursty,40,150,90,DOWN,0.7971,0.5594,0.3286,0.2161,2181,201,239,297,5125.75,4501.8,4895.11,5134.39,C-SCAN
104,random,bursty,44,400,308,UP,0.7487,0.2465,0.3511,0.2303,4856,650,476,797,34617.95,8545.26,6146.99,12997.36,SCAN
105,random,bursty,27,300,248,UP,0.8317,0.1824,0.3527,0.2423,2069,343,349,558,4590.85,2150.18,2208.64,3705.2,SSTF
106,random,continuous,35,200,119,UP,0.8174,0.3627,0.4597,0.2438,2422,270,274,395,21633.51,4657.97,4753.63,6272.11,SSTF
107,random,all_at_once,11,300,288,UP,0.8021,0.0761,0.3378,0.2287,1372,294,304,511,6445.6,929.24,973.11,1831.18,SSTF
108,random,all_at_once,37,200,118,UP,0.8014,0.3834,0.4085,0.2007,2549,271,275,390,28435.36,5284.09,5387.42,6881.37,SSTF
109,random,random,34,250,54,DOWN,0.8289,0.2822,0.3193,0.2438,3190,288,300,483,23237.85,3594.55,3717.36,5113.25,SSTF
110,random,random,34,250,192,DOWN,0.7677,0.2918,0.3449,0.2493,2389,412,436,491,10077.93,3949.59,4071.65,3722.08,C-SCAN
111,random,random,40,150,138,UP,0.8136,0.5594,0.3769,0.2551,1866,149,157,291,7075.49,2328.83,2402.31,6167.66,SSTF
112,random,sequential,14,150,7,UP,0.7056,0.2137,0.2736,0.2599,583,139,139,139,719.13,782.89,782.89,782.89,FCFS
113,random,bursty,49,200,61,UP,0.8342,0.4975,0.3116,0.2125,3121,256,336,397,9757.96,3687.72,5590.31,6231.87,SSTF
114,random,random,17,400,111,DOWN,0.6296,0.1153,0.3485,0.2421,1743,490,418,796,5355.66,2055.85,2248.31,3883.4,SCAN
115,random,sequential,20,400,310,UP,0.7036,0.1242,0.3615,0.2342,2825,606,451,793,16286.71,3208.36,2563.41,4375.6,SCAN
116,random,continuous,16,400,13,DOWN,0.7578,0.086,0.3079,0.2307,1980,386,412,783,10545.09,1541.99,1542.65,1989.12,SSTF
117,random,continuous,34,300,101,UP,0.8254,0.2329,0.3355,0.2483,3308,386,491,593,29460.32,6065.41,6141.97,6994.42,SSTF
118,random,continuous,50,200,26,DOWN,0.8526,0.5051,0.4127,0.2234,4054,222,224,391,46606.04,7752.53,7824.74,8880.45,C-SCAN
119,random,random,46,150,88,DOWN,0.7667,0.6479,0.4394,0.2241,1965,204,237,298,9072.27,3815.91,6226.92,6372.56,SSTF
120,random,bursty,42,250,3,DOWN,0.8257,0.3515,0.4042,0.219,4273,238,244,498,19894.4,5312.82,5458.91,5930.77,C-SCAN
121,random,sequential,37,250,162,DOWN,0.8043,0.3058,0.4003,0.228,2906,411,409,492,20310.76,4016.91,4137.31,4376.7,C-SCAN
122,random,continuous,21,400,333,DOWN,0.8496,0.1066,0.3501,0.2664,3804,721,731,769,34599.73,4693.86,4803.91,5210.6,C-SCAN
123,random,random,40,300,223,DOWN,0.826,0.2694,0.3804,0.2065,4618,386,522,592,41049.87,4092.16,5973.89,6127.55,SSTF
124,random,sequential,15,250,225,DOWN,0.5509,0.184,0.2835,0.2737,1096,211,211,211,2529.66,887.61,887.61,887.61,SSTF
125,random,random,39,400,312,DOWN,0.8257,0.2037,0.3538,0.212,6017,692,706,793,55695.6,7673.15,7938.41,9176.43,SSTF
126,random,sequential,41,250,46,DOWN,0.7833,0.346,0.3016,0.2167,2995,269,295,483,19054.98,4692.91,4933.94,5982.99,SSTF
127,random,continuous,26,250,71,DOWN,0.6919,0.2464,0.4011,0.304,1539,263,299,498,8204.5,2357.96,2465.43,3729.52,SSTF
128,random,bursty,43,200,21,UP,0.7968,0.4456,0.3678,0.2297,2756,206,370,397,9071.25,4052.23,5927.93,6196.62,SSTF
129,random,bursty,45,200,176,DOWN,0.7547,0.5085,0.3937,0.2662,2746,350,354,396,8579.9,4210.49,4208.79,4202.43,C-SCAN
130,random,bursty,11,150,75,UP,0.7691,0.1618,0.2154,0.3633,510,203,215,281,189.66,1244.64,1332.97,1596.46,FCFS
131,random,bursty,25,250,169,DOWN,0.7653,0.2183,0.2558,0.2651,1874,305,415,493,5449.63,2553.08,3557.45,3807.99,SSTF
132,random,random,43,250,108,DOWN,0.7855,0.3675,0.3741,0.2479,3521,369,348,490,26543.36,4421.93,7248.78,7361.79,C-SCAN
133,random,sequential,39,250,78,DOWN,0.7706,0.3391,0.2518,0.2295,3362,308,308,497,21663.98,4456.68,4502.0,7957.61,SSTF
134,random,sequential,22,250,30,UP,0.7831,0.1872,0.3756,0.2293,1871,446,460,478,7850.59,2257.5,2312.53,2347.71,C-SCAN
135,random,all_at_once,40,250,185,DOWN,0.817,0.3361,0.4978,0.2578,3743,300,433,494,50442.15,6406.61,7733.61,8575.83,SSTF
136,random,random,28,200,92,UP,0.7276,0.32,0.3809,0.2655,1492,267,295,389,3636.49,2401.49,2569.07,3160.78,SSTF
137,random,all_at_once,44,200,70,UP,0.7816,0.4862,0.3382,0.2173,3050,294,324,395,45510.93,7559.13,7982.74,8855.54,SSTF
138,random,all_at_once,28,200,163,DOWN,0.7789,0.3043,0.4137,0.2283,2194,338,354,378,18690.77,3336.3,3432.84,3576.96,C-SCAN
139,random,bursty,46,250,120,DOWN,0.8452,0.371,0.3451,0.2089,3744,385,368,496,9236.78,6923.09,4893.57,4817.49,C-SCAN
140,random,all_at_once,21,150,64,DOWN,0.7227,0.3111,0.4285,0.2129,865,216,208,298,4945.97,2125.75,1973.9,2746.15,SCAN
141,random,sequential,35,300,37,UP,0.8156,0.2422,0.4299,0.2292,3740,543,557,587,23547.36,4408.24,4487.52,4610.69,C-SCAN
142,random,all_at_once,46,250,21,UP,0.8431,0.3695,0.4504,0.233,3550,268,476,497,48612.26,7477.53,8705.43,8825.67,SSTF
143,random,continuous,36,400,305,UP,0.7627,0.1994,0.3496,0.2088,4367,427,481,771,48166.2,6036.75,6360.28,7432.94,SSTF
144,random,random,38,300,152,DOWN,0.8306,0.2612,0.4485,0.2214,3587,434,448,590,25117.73,4652.44,7488.62,6804.81,SSTF
145,random,sequential,49,150,25,UP,0.8143,0.6577,0.4382,0.2097,2189,280,272,297,11273.02,5154.85,4574.42,4561.18,C-SCAN
146,random,continuous,15,200,61,UP,0.7782,0.1676,0.3275,0.2743,1298,277,323,393,5216.22,1676.99,1531.92,1871.04,SSTF
147,random,continuous,20,150,104,DOWN,0.8222,0.2759,0.3317,0.2618,1300,194,252,295,6407.21,1825.3,1888.81,2196.22,SSTF
148,random,random,28,150,59,DOWN,0.7769,0.4058,0.5118,0.2183,1513,188,204,291,6221.97,2595.71,2730.77,3258.12,SSTF
149,random,continuous,39,150,59,DOWN,0.7947,0.5532,0.3947,0.2113,2048,235,205,298,16333.86,5215.38,4981.69,5839.99,SCAN
150,random,sequential,22,300,58,UP,0.7551,0.1673,0.3092,0.2563,2104,299,519,594,10724.51,2159.57,3388.7,3892.6,SSTF
151,random,random,19,150,15,UP,0.843,0.2585,0.4361,0.2344,1245,171,281,296,2286.63,1633.59,1668.18,1774.83,SSTF
152,random,bursty,46,250,112,UP,0.7592,0.3966,0.3448,0.2104,3453,333,370,497,15197.53,5061.97,7709.07,5667.97,C-SCAN
153,random,bursty,29,300,139,DOWN,0.8203,0.2028,0.4352,0.2306,3429,414,434,584,14667.28,3425.43,3587.81,4624.03,SSTF
154,random,continuous,48,150,110,DOWN,0.8438,0.6443,0.3752,0.2205,2364,257,259,298,23883.97,7321.9,7428.74,7243.73,C-SCAN
155,random,random,11,150,58,UP,0.5735,0.2056,0.386,0.4289,331,191,203,277,120.48,350.68,357.27,400.63,FCFS
156,random,random,12,200,120,DOWN,0.8391,0.1224,0.3288,0.2538,985,282,315,397,2759.09,766.87,1484.24,2262.08,SCAN
157,random,bursty,47,300,251,UP,0.7899,0.3345,0.389,0.2431,4727,309,347,585,29409.38,5519.19,5885.29,6816.92,SSTF
158,random,sequential,36,250,82,UP,0.8131,0.2903,0.3668,0.2679,2470,415,415,497,15268.78,4497.6,4486.58,5604.94,SCAN
159,random,continuous,36,300,147,DOWN,0.819,0.2457,0.3801,0.2239,3917,432,446,589,46827.14,5913.45,6126.45,8012.65,SSTF
160,random,random,39,150,80,DOWN,0.7661,0.5612,0.3639,0.2175,1826,204,226,294,6299.86,3658.68,3332.37,6110.12,SCAN
161,random,bursty,35,400,0,DOWN,0.8492,0.1799,0.4059,0.2357,4907,396,396,790,45717.92,7089.5,7089.5,4003.84,C-SCAN
162,random,bursty,22,400,185,DOWN,0.7586,0.1202,0.3637,0.2552,2951,562,567,789,12812.41,3512.44,3906.53,5932.2,SSTF
163,random,random,13,200,68,UP,0.7787,0.1413,0.3076,0.271,858,299,329,357,1453.4,918.45,1036.43,1070.57,SSTF
164,random,sequential,41,150,7,UP,0.8439,0.5503,0.3488,0.237,2426,161,291,297,12192.79,4288.46,5412.66,5468.87,SSTF
165,random,all_at_once,45,150,141,DOWN,0.7681,0.6475,0.3467,0.2136,2174,144,286,298,26792.58,6208.09,6447.71,6485.7,C-SCAN
166,random,bursty,17,300,60,UP,0.8081,0.1241,0.3928,0.2342,1751,320,525,596,1721.61,2266.38,1852.62,2078.95,SCAN
167,random,bursty,28,400,361,DOWN,0.7801,0.1514,0.3104,0.2786,4417,392,745,785,28043.49,2913.95,2837.91,2958.71,C-SCAN
168,random,bursty,40,200,116,UP,0.8417,0.4124,0.4006,0.2181,3231,305,276,385,9125.83,4428.26,3149.32,4177.6,SCAN
169,random,all_at_once,48,400,382,UP,0.7704,0.2616,0.3751,0.2188,6393,725,393,794,113975.25,9243.72,8842.0,9352.06,C-SCAN
170,random,all_at_once,36,250,239,DOWN,0.7937,0.2988,0.3634,0.2111,3011,243,481,495,38224.6,4629.55,4915.85,4942.41,C-SCAN
171,random,sequential,29,400,296,DOWN,0.8223,0.148,0.3913,0.229,4073,682,692,762,36387.94,5353.61,5472.79,6023.64,C-SCAN
172,random,continuous,44,300,176,DOWN,0.7934,0.3132,0.4032,0.2146,4566,393,465,594,59971.91,7903.83,9043.7,10612.51,SSTF
173,random,sequential,44,300,233,DOWN,0.8518,0.2983,0.3948,0.2494,5431,526,528,590,53137.08,9028.33,9120.42,9513.03,C-SCAN
174,random,bursty,25,400,196,UP,0.7577,0.1389,0.3952,0.2691,3435,592,578,797,20200.23,2082.87,2835.66,5588.58,SSTF
175,random,sequential,30,300,195,DOWN,0.8111,0.2105,0.436,0.2251,3159,386,492,598,24762.28,3194.16,5006.15,6831.63,SSTF
176,random,all_at_once,12,200,128,DOWN,0.7165,0.1387,0.3877,0.2598,691,293,307,364,2108.51,958.68,1016.97,1213.34,SSTF
177,random,sequential,16,400,233,UP,0.7592,0.084,0.401,0.2703,1854,534,558,767,8687.24,2486.93,2686.51,4536.83,SSTF
178,random,random,19,150,120,DOWN,0.784,0.2657,0.2629,0.2735,984,256,268,298,1764.41,1461.8,1931.48,2211.22,SSTF
179,random,random,35,150,84,DOWN,0.7832,0.4861,0.3404,0.2372,1743,219,228,296,7467.56,3114.08,3738.65,3777.03,SSTF
180,random,sequential,41,400,18,UP,0.8136,0.2124,0.5255,0.2333,5137,395,772,794,49896.28,6242.12,6364.31,6435.73,C-SCAN
181,random,bursty,28,200,191,UP,0.8337,0.2887,0.4868,0.2375,2067,198,204,387,4406.41,2867.09,2945.15,1704.93,C-SCAN
182,random,random,50,150,113,UP,0.7819,0.7246,0.4238,0.2204,2978,177,181,296,17878.66,5669.74,5625.1,7819.37,SCAN
183,random,random,12,250,203,UP,0.5234,0.1529,0.3778,0.3112,674,173,239,494,1051.9,393.72,560.08,1358.06,SSTF
184,random,continuous,33,300,74,UP,0.7842,0.2391,0.4324,0.2362,2333,349,518,593,16847.91,5375.82,6438.43,6924.29,SSTF
185,random,all_at_once,46,200,43,UP,0.8155,0.4694,0.3877,0.2506,2628,234,351,397,36938.09,6975.44,7448.71,7872.31,C-SCAN
186,random,bursty,34,400,349,UP,0.8179,0.1757,0.445,0.2242,4948,443,445,793,32857.15,6517.75,6577.87,7096.19,C-SCAN
187,random,bursty,19,200,118,DOWN,0.7429,0.2249,0.3812,0.2693,1222,236,300,382,1208.98,1720.83,1437.04,1291.55,C-SCAN
188,random,all_at_once,10,300,147,UP,0.5762,0.0966,0.4793,0.2281,818,322,394,508,2474.38,824.91,982.44,1272.79,SSTF
189,random,random,32,400,153,DOWN,0.8306,0.1616,0.387,0.229,4161,639,550,784,37228.2,5609.01,4365.15,8433.67,SCAN
190,random,all_at_once,29,200,98,DOWN,0.8367,0.3005,0.3805,0.2496,2098,290,294,396,20725.38,3896.49,3758.6,4736.77,SCAN
191,random,random,34,400,183,DOWN,0.7761,0.1823,0.4398,0.216,4519,552,558,782,39251.64,6091.44,6202.69,7692.99,SSTF
192,random,continuous,35,250,2,UP,0.7376,0.3167,0.3095,0.2648,2240,238,238,238,17199.32,4473.88,4473.88,4473.88,C-SCAN
193,random,continuous,41,250,198,UP,0.7789,0.3445,0.3766,0.2375,3277,439,298,495,33402.84,6015.04,5426.88,6885.38,SCAN
194,random,sequential,24,200,158,DOWN,0.7803,0.2474,0.5031,0.248,1401,345,357,389,3960.49,2513.83,2614.15,2785.25,C-SCAN
195,random,all_at_once,16,150,79,DOWN,0.7811,0.2286,0.4329,0.2443,840,206,225,296,3617.88,1314.43,1514.53,1980.69,SSTF
196,random,random,33,200,23,DOWN,0.809,0.3402,0.4133,0.2168,2004,215,217,387,7158.75,2444.43,2488.55,3648.39,SSTF
197,random,continuous,36,200,51,UP,0.8148,0.3618,0.4828,0.2274,2584,346,346,385,27645.75,5093.2,5093.2,5469.02,C-SCAN
198,random,random,43,400,139,UP,0.8289,0.2211,0.4364,0.219,5128,523,653,795,52472.02,6527.69,10039.42,12977.5,SSTF
199,random,bursty,28,250,205,UP,0.8404,0.2258,0.3284,0.2081,2734,290,292,491,10892.66,3995.61,4051.5,4496.19,C-SCAN
200,random,continuous,19,200,173,DOWN,0.671,0.239,0.3741,0.2747,1166,167,167,167,5104.47,1566.44,1566.44,1566.44,SSTF
201,sequential,continuous,15,300,7,DOWN,0.0399,1.0,0.1512,0.9714,145,131,145,481,269.35,1100.54,1121.9,269.35,FCFS
202,sequential,continuous,39,250,172,DOWN,0.1276,1.0,0.1298,0.9789,145,145,145,145,1811.78,1811.78,1811.78,1811.78,FCFS
203,sequential,bursty,50,250,27,UP,0.1642,1.0,0.1616,0.9673,213,213,213,213,324.74,324.74,324.74,324.74,FCFS
204,sequential,all_at_once,49,400,167,UP,0.1005,1.0,0.0,1.0,131,131,131,131,6774.48,6774.48,6774.48,6774.48,FCFS
205,sequential,all_at_once,39,250,166,DOWN,0.1276,1.0,0.0918,0.9895,61,53,355,498,4242.68,4366.91,7386.02,9219.42,FCFS
206,sequential,all_at_once,12,150,77,DOWN,0.0627,1.0,0.0,1.0,53,42,196,267,403.65,403.65,403.65,403.65,SSTF
207,sequential,bursty,25,400,69,DOWN,0.0506,1.0,0.1155,0.9833,132,108,246,714,125.12,2778.57,3748.62,271.17,FCFS
208,sequential,all_at_once,44,300,79,DOWN,0.1202,1.0,0.122,0.9814,102,59,59,59,5345.31,5345.31,5345.31,5345.31,SSTF
209,sequential,random,49,300,143,UP,0.1342,1.0,0.1414,0.975,157,109,421,537,54.25,9667.0,13407.47,54.25,FCFS
210,sequential,all_at_once,38,300,120,DOWN,0.1034,1.0,0.093,0.9892,127,127,367,508,4061.38,4061.38,4061.38,4061.38,FCFS
211,sequential,all_at_once,33,400,330,DOWN,0.0672,1.0,0.0,1.0,254,222,222,222,3071.1,3071.1,3071.1,3071.1,SSTF
212,sequential,all_at_once,27,200,31,DOWN,0.1094,1.0,0.1109,0.9846,85,85,147,339,2024.5,2024.5,2024.5,2024.5,FCFS
213,sequential,random,23,400,10,UP,0.0463,1.0,0.0,1.0,107,107,107,107,30.37,30.37,30.37,30.37,FCFS
214,sequential,continuous,18,400,105,UP,0.0359,1.0,0.0,1.0,59,59,59,59,392.78,392.78,392.78,392.78,FCFS
215,sequential,sequential,47,200,59,DOWN,0.193,1.0,0.118,0.9826,86,52,158,398,110.38,8236.92,9492.73,1432.55,FCFS
216,sequential,sequential,10,250,219,UP,0.0311,1.0,0.1886,0.9556,109,109,169,398,4.08,4.08,4.08,939.16,FCFS
217,sequential,sequential,26,200,28,UP,0.1021,1.0,0.0816,0.984,91,91,91,91,36.96,36.96,36.96,36.96,FCFS
218,sequential,all_at_once,32,200,150,DOWN,0.1304,1.0,0.0,1.0,128,97,97,97,2887.62,2887.62,2887.62,2887.62,SSTF
219,sequential,continuous,26,150,32,DOWN,0.1411,1.0,0.16,0.968,83,83,147,240,794.58,794.58,794.58,3291.1,FCFS
220,sequential,continuous,14,300,229,DOWN,0.0392,1.0,0.2286,0.9385,237,223,223,223,222.46,960.66,960.66,960.66,FCFS
221,sequential,continuous,16,300,257,UP,0.0425,1.0,0.1461,0.9733,174,159,243,454,296.11,1250.1,1269.46,296.11,FCFS
222,sequential,all_at_once,43,250,117,UP,0.141,1.0,0.0873,0.9905,74,74,274,497,5164.1,5371.72,6974.21,9157.46,FCFS
223,sequential,bursty,35,300,55,DOWN,0.0929,1.0,0.1576,0.9647,104,71,181,560,70.08,4852.39,5870.72,893.42,FCFS
224,sequential,all_at_once,15,250,155,UP,0.0476,1.0,0.0,1.0,102,88,88,88,632.28,632.28,632.28,632.28,SSTF
225,sequential,bursty,27,400,324,DOWN,0.0546,1.0,0.1569,0.9692,68,42,690,782,64.52,3030.78,7924.67,215.74,FCFS
226,sequential,all_at_once,43,250,116,DOWN,0.1383,1.0,0.1091,0.981,120,79,79,79,5183.59,5183.59,5183.59,5183.59,SSTF
227,sequential,bursty,17,400,369,UP,0.0339,1.0,0.0,1.0,362,346,406,468,221.85,3022.24,3337.87,221.85,FCFS
228,sequential,bursty,24,300,173,DOWN,0.0644,1.0,0.1668,0.9652,118,118,464,503,216.66,216.66,496.62,6007.42,FCFS
229,sequential,random,16,250,109,DOWN,0.0509,1.0,0.0,1.0,36,21,21,21,9.11,1055.89,1055.89,1055.89,FCFS
230,sequential,all_at_once,19,300,34,UP,0.051,1.0,0.1886,0.9556,64,64,64,64,983.24,983.24,983.24,983.24,FCFS
231,sequential,continuous,37,150,95,UP,0.202,1.0,0.1633,0.9667,79,43,43,43,1585.44,5143.14,5143.14,5143.14,FCFS
232,sequential,all_at_once,47,400,287,DOWN,0.0963,1.0,0.118,0.9826,186,140,140,140,6118.84,6118.84,6118.84,6118.84,SSTF
233,sequential,continuous,32,300,26,DOWN,0.0891,1.0,0.1199,0.9871,151,151,203,479,1231.7,1231.7,1231.7,5187.37,FCFS
234,sequential,sequential,32,150,147,UP,0.1741,1.0,0.1016,0.9871,50,50,54,279,51.01,51.01,51.01,5841.12,FCFS
235,sequential,continuous,40,200,27,DOWN,0.1639,1.0,0.1281,0.9795,69,69,123,368,1884.39,1884.39,1884.39,7750.18,FCFS
236,sequential,bursty,17,250,146,UP,0.054,1.0,0.2449,0.925,136,120,326,394,101.0,1648.71,2347.65,101.0,FCFS
237,sequential,continuous,49,400,345,UP,0.1004,1.0,0.1414,0.975,142,94,202,752,2793.08,9241.44,10085.97,2793.08,FCFS
238,sequential,random,27,150,46,DOWN,0.142,1.0,0.2442,0.9231,53,53,145,270,8.35,8.35,8.35,4417.68,FCFS
239,sequential,continuous,32,150,46,UP,0.1743,1.0,0.1437,0.9742,52,52,52,52,1198.3,1198.3,1198.3,1198.3,FCFS
240,sequential,all_at_once,35,150,36,UP,0.1905,1.0,0.097,0.9882,71,71,71,71,3443.27,3443.27,3443.27,3443.27,FCFS
241,sequential,bursty,43,200,96,DOWN,0.1761,1.0,0.0873,0.9905,70,70,262,370,171.64,171.64,623.05,11706.23,FCFS
242,sequential,continuous,20,250,79,DOWN,0.0642,1.0,0.0,1.0,49,30,188,487,485.2,1601.28,1990.59,485.2,FCFS
243,sequential,continuous,15,150,39,UP,0.0794,1.0,0.0,1.0,21,21,227,297,272.39,962.53,2130.98,2589.51,FCFS
244,sequential,bursty,15,250,113,DOWN,0.0476,1.0,0.0,1.0,23,23,23,23,56.01,56.01,56.01,56.01,FCFS
245,sequential,continuous,38,300,139,UP,0.1035,1.0,0.1315,0.9784,159,122,442,513,1694.58,5914.05,7180.22,1694.58,FCFS
246,sequential,continuous,32,300,56,DOWN,0.0868,1.0,0.1016,0.9871,140,140,252,489,1214.22,1214.22,1214.22,5151.44,FCFS
247,sequential,bursty,43,250,11,UP,0.141,1.0,0.0873,0.9905,193,193,193,193,199.33,199.33,199.33,199.33,FCFS
248,sequential,sequential,13,150,52,DOWN,0.0682,1.0,0.1633,0.9667,55,43,147,267,7.01,774.36,1116.52,7.01,FCFS
249,sequential,all_at_once,26,250,83,UP,0.0843,1.0,0.16,0.968,28,28,28,28,1846.84,1846.84,1846.84,1846.84,FCFS
250,sequential,continuous,37,200,33,DOWN,0.1512,1.0,0.0943,0.9889,149,149,215,285,1635.58,1635.58,1635.58,6503.05,FCFS
251,sequential,all_at_once,24,400,286,DOWN,0.0484,1.0,0.118,0.9826,240,217,217,217,1588.67,1588.67,1588.67,1588.67,SSTF
252,sequential,all_at_once,12,300,9,DOWN,0.0315,1.0,0.1706,0.9636,264,264,282,345,394.6,394.6,394.6,394.6,FCFS
253,sequential,bursty,46,300,293,DOWN,0.1258,1.0,0.1461,0.9733,332,287,287,287,210.52,9014.67,9014.67,9014.67,FCFS
254,sequential,sequential,17,300,10,DOWN,0.0452,1.0,0.0,1.0,145,145,165,469,16.14,16.14,16.14,2766.2,FCFS
255,sequential,all_at_once,39,250,22,DOWN,0.1278,1.0,0.1835,0.9579,193,155,199,381,4136.63,4136.63,4136.63,4136.63,SSTF
256,sequential,bursty,37,400,205,UP,0.077,1.0,0.1118,0.9889,147,110,498,725,194.56,6297.43,10619.84,1953.02,FCFS
257,sequential,all_at_once,31,200,85,UP,0.1229,1.0,0.1684,0.96,38,49,237,397,2628.2,2755.54,4115.84,5545.31,FCFS
258,sequential,random,50,150,135,UP,0.2743,1.0,0.1143,0.9837,117,68,96,279,133.03,9433.47,9813.54,133.03,FCFS
259,sequential,random,19,200,26,UP,0.0761,1.0,0.1333,0.9778,82,64,64,64,17.84,1645.8,1645.8,1645.8,FCFS
260,sequential,sequential,21,400,78,UP,0.0423,1.0,0.1265,0.98,47,27,669,791,24.03,1757.21,4281.56,24.03,FCFS
261,sequential,continuous,41,300,288,DOWN,0.1119,1.0,0.1265,0.98,132,92,92,92,2005.75,6687.42,6687.42,6687.42,FCFS
262,sequential,sequential,50,400,165,DOWN,0.1026,1.0,0.0808,0.9918,176,127,127,127,131.37,10234.31,10234.31,10234.31,FCFS
263,sequential,random,14,300,226,DOWN,0.0368,1.0,0.0,1.0,135,122,122,122,8.53,1150.43,1150.43,1150.43,FCFS
264,sequential,random,13,250,129,UP,0.0408,1.0,0.1633,0.9667,36,24,264,486,6.87,681.42,1423.28,6.87,FCFS
265,sequential,random,38,150,14,DOWN,0.2076,1.0,0.1315,0.9784,111,74,102,261,34.48,5943.12,6253.26,34.48,FCFS
266,sequential,bursty,15,400,304,DOWN,0.0297,1.0,0.0,1.0,82,82,690,730,99.2,99.2,185.8,3360.98,FCFS
267,sequential,random,45,150,115,UP,0.2422,1.0,0.1377,0.9727,142,99,167,242,12.17,7902.45,8682.41,12.17,FCFS
268,sequential,bursty,40,400,77,UP,0.0816,1.0,0.1281,0.9795,257,218,218,218,247.49,7558.19,7558.19,7558.19,FCFS
269,sequential,all_at_once,31,150,129,UP,0.1685,1.0,0.0,1.0,70,40,80,288,2709.79,2709.79,2709.79,2709.79,SSTF
270,sequential,random,38,300,268,UP,0.1035,1.0,0.093,0.9892,186,149,211,486,9.99,6284.28,6901.15,9.99,FCFS
271,sequential,continuous,28,300,209,DOWN,0.0757,1.0,0.1089,0.9852,105,78,496,547,925.83,3197.5,3935.36,925.83,FCFS
272,sequential,all_at_once,50,250,16,DOWN,0.1643,1.0,0.0808,0.9918,146,146,178,401,7038.32,7038.32,7038.32,7038.32,FCFS
273,sequential,random,34,250,64,UP,0.111,1.0,0.0985,0.9879,178,178,178,178,38.23,38.23,38.23,38.23,FCFS
274,sequential,bursty,47,200,89,DOWN,0.1928,1.0,0.0834,0.9913,84,54,216,398,96.98,8970.11,11053.57,2270.25,FCFS
275,sequential,random,48,150,79,DOWN,0.2632,1.0,0.165,0.966,50,50,208,295,50.08,50.08,50.08,11232.54,FCFS
276,sequential,all_at_once,43,150,108,DOWN,0.2354,1.0,0.0873,0.9905,117,75,75,75,5164.1,5164.1,5164.1,5164.1,SSTF
277,sequential,bursty,29,200,54,DOWN,0.1145,1.0,0.135,0.9714,65,38,38,38,28.69,3228.66,3228.66,3228.66,FCFS
278,sequential,random,24,200,39,UP,0.0935,1.0,0.1941,0.9478,83,83,83,83,26.56,26.56,26.56,26.56,FCFS
279,sequential,random,42,400,378,UP,0.086,1.0,0.0883,0.9902,367,326,368,513,57.38,9704.71,10194.82,57.38,FCFS
280,sequential,sequential,18,400,192,UP,0.0359,1.0,0.0,1.0,166,166,166,166,18.1,18.1,18.1,18.1,FCFS
281,sequential,all_at_once,49,200,184,DOWN,0.2015,1.0,0.1414,0.975,62,62,62,62,6644.98,6644.98,6644.98,6644.98,FCFS
282,sequential,bursty,33,200,113,DOWN,0.1378,1.0,0.0675,1.0,33,33,259,398,58.27,58.27,474.42,8138.9,FCFS
283,sequential,sequential,44,200,79,DOWN,0.1803,1.0,0.1494,0.9721,73,73,231,368,88.71,88.71,88.71,10591.88,FCFS
284,sequential,bursty,46,300,236,DOWN,0.1257,1.0,0.0843,0.9911,102,57,57,57,99.22,8416.53,8416.53,8416.53,FCFS
285,sequential,continuous,43,300,82,UP,0.1174,1.0,0.1234,0.981,235,193,193,193,2195.0,7938.31,7938.31,7938.31,FCFS
286,sequential,continuous,26,150,123,DOWN,0.1408,1.0,0.1131,0.984,111,86,86,86,800.08,2820.36,2820.36,2820.36,FCFS
287,sequential,sequential,43,150,72,UP,0.2349,1.0,0.1512,0.9714,50,50,162,297,88.64,126.3,7980.21,9371.28,FCFS
288,sequential,all_at_once,38,400,75,DOWN,0.0761,1.0,0.1507,0.9676,148,148,298,686,4011.61,4011.61,4011.61,4011.61,FCFS
289,sequential,bursty,38,250,238,UP,0.1242,1.0,0.2079,0.9459,230,230,252,305,250.17,250.17,301.88,7934.32,FCFS
290,sequential,bursty,35,400,191,UP,0.0714,1.0,0.097,0.9882,93,93,93,93,103.44,103.44,103.44,103.44,FCFS
291,sequential,all_at_once,33,200,7,DOWN,0.1349,1.0,0.1732,0.9625,117,117,131,313,3003.45,3003.45,3003.45,3003.45,FCFS
292,sequential,random,31,200,35,UP,0.126,1.0,0.1461,0.9733,169,139,139,139,13.95,4239.04,4239.04,4239.04,FCFS
293,sequential,all_at_once,18,300,229,UP,0.048,1.0,0.1372,0.9765,169,152,292,463,886.17,886.17,886.17,886.17,SSTF
294,sequential,all_at_once,26,200,38,DOWN,0.1055,1.0,0.196,0.952,73,48,124,375,1848.59,1848.59,1848.59,1848.59,SSTF
295,sequential,sequential,25,250,31,UP,0.0836,1.0,0.1348,0.9833,63,38,38,38,31.2,2484.88,2484.88,2484.88,FCFS
296,sequential,all_at_once,50,400,234,UP,0.1027,1.0,0.1143,0.9837,184,135,465,712,6994.37,6994.37,6994.37,6994.37,SSTF
297,sequential,sequential,48,400,8,UP,0.0983,1.0,0.1167,0.983,287,287,287,287,121.4,121.4,121.4,121.4,FCFS
298,sequential,continuous,37,150,90,UP,0.2018,1.0,0.1633,0.9667,75,39,157,295,1574.38,5086.36,5784.93,1574.38,FCFS
299,sequential,all_at_once,21,150,134,DOWN,0.1128,1.0,0.0,1.0,30,30,278,298,1241.99,1288.28,2837.86,3042.72,FCFS
300,sequential,bursty,44,400,259,UP,0.0901,1.0,0.0,1.0,280,237,517,604,351.34,9455.26,12928.34,1015.98,FCFS
301,sequential,all_at_once,12,300,191,DOWN,0.0313,1.0,0.0,1.0,145,145,145,145,403.65,403.65,403.65,403.65,FCFS
302,sequential,continuous,14,250,61,UP,0.0445,1.0,0.2219,0.9385,75,75,75,75,218.06,218.06,218.06,218.06,FCFS
303,sequential,continuous,31,200,11,DOWN,0.126,1.0,0.1033,0.9867,76,76,98,352,1159.8,1159.8,1159.8,4846.0,FCFS
304,sequential,sequential,21,300,245,UP,0.0562,1.0,0.1789,0.96,184,184,292,434,19.78,19.78,19.78,3732.77,FCFS
305,sequential,all_at_once,39,150,75,UP,0.2132,1.0,0.1589,0.9684,67,67,67,67,4218.87,4218.87,4218.87,4218.87,FCFS
306,sequential,continuous,12,250,238,DOWN,0.0347,1.0,0.1265,0.9636,46,36,36,36,169.97,615.8,615.8,615.8,FCFS
307,sequential,sequential,44,300,129,UP,0.1201,1.0,0.0863,0.9907,48,48,388,593,101.79,101.79,101.79,13107.3,FCFS
308,sequential,all_at_once,32,150,84,DOWN,0.1742,1.0,0.1437,0.9742,97,66,66,66,2832.48,2832.48,2832.48,2832.48,SSTF
309,sequential,random,37,300,225,DOWN,0.1007,1.0,0.1333,0.9778,148,148,148,148,16.62,16.62,16.62,16.62,FCFS
310,sequential,all_at_once,41,300,188,DOWN,0.1118,1.0,0.0,1.0,167,127,127,127,4742.14,4742.14,4742.14,4742.14,SSTF
311,sequential,continuous,37,150,110,UP,0.2019,1.0,0.0,1.0,66,66,84,297,1663.53,3701.83,3772.02,4583.11,FCFS
312,sequential,random,30,150,20,DOWN,0.1629,1.0,0.0,1.0,46,46,86,281,79.23,79.23,79.23,5362.09,FCFS
313,sequential,sequential,38,400,367,DOWN,0.0776,1.0,0.093,0.9892,234,197,197,197,73.33,6836.71,6836.71,6836.71,FCFS
314,sequential,random,38,250,114,UP,0.1244,1.0,0.1611,0.9676,63,63,63,63,11.62,11.62,11.62,11.62,FCFS
315,sequential,all_at_once,37,250,163,UP,0.1182,1.0,0.1529,0.9667,36,36,206,497,3780.42,3782.06,4108.66,4784.4,FCFS
316,sequential,all_at_once,50,300,186,UP,0.1368,1.0,0.1143,0.9837,63,63,261,597,7001.88,7117.11,9208.79,13523.78,FCFS
317,sequential,all_at_once,48,300,17,UP,0.1313,1.0,0.2183,0.9404,184,184,184,184,6207.25,6207.25,6207.25,6207.25,FCFS
318,sequential,continuous,33,250,98,UP,0.1077,1.0,0.1414,0.975,57,57,327,497,1273.74,2613.75,6009.0,5712.45,FCFS
319,sequential,all_at_once,38,250,95,DOWN,0.1243,1.0,0.1315,0.9784,62,62,202,498,4029.3,4188.74,5420.03,8591.37,FCFS
320,sequential,random,18,400,187,DOWN,0.0359,1.0,0.194,0.9529,81,81,455,734,51.57,51.57,51.57,2740.76,FCFS
321,sequential,sequential,27,200,29,UP,0.1093,1.0,0.1109,0.9846,142,116,116,116,38.61,3358.33,3358.33,3358.33,FCFS
322,sequential,random,43,300,287,UP,0.1174,1.0,0.0,1.0,157,115,139,525,171.66,7450.74,7747.21,171.66,FCFS
323,sequential,bursty,38,200,156,DOWN,0.1553,1.0,0.1315,0.9784,71,71,315,398,129.5,4975.4,4709.87,4702.48,FCFS
324,sequential,sequential,17,200,18,DOWN,0.0681,1.0,0.1414,0.975,155,139,175,275,13.87,1637.69,1807.44,13.87,FCFS
325,sequential,all_at_once,38,150,81,DOWN,0.2075,1.0,0.0,1.0,62,62,174,298,4073.16,4255.39,5241.44,6492.33,FCFS
326,sequential,sequential,44,250,228,DOWN,0.1468,1.0,0.133,0.9814,186,142,142,142,94.93,8186.22,8186.22,8186.22,FCFS
327,sequential,all_at_once,50,200,92,UP,0.2055,1.0,0.14,0.9755,59,88,224,397,6843.46,7150.35,8252.12,9848.11,FCFS
328,sequential,random,18,200,126,UP,0.072,1.0,0.0,1.0,26,26,26,26,33.54,33.54,33.54,33.54,FCFS
329,sequential,continuous,46,250,119,UP,0.1508,1.0,0.1461,0.9733,121,76,76,76,2457.38,8071.68,8071.68,8071.68,FCFS
330,sequential,continuous,14,250,101,DOWN,0.0441,1.0,0.1569,0.9692,58,45,45,45,226.15,829.24,829.24,829.24,FCFS
331,sequential,random,36,400,37,UP,0.0735,1.0,0.0956,0.9886,351,351,351,351,115.19,115.19,115.19,115.19,FCFS
332,sequential,sequential,14,300,238,DOWN,0.0368,1.0,0.1569,0.9692,208,195,195,195,8.35,1383.97,1383.97,1383.97,FCFS
333,sequential,bursty,50,400,93,UP,0.1026,1.0,0.1807,0.9592,72,72,72,72,73.2,73.2,73.2,73.2,FCFS
334,sequential,random,13,150,132,UP,0.0683,1.0,0.0,1.0,130,118,152,192,10.4,1082.85,1217.56,10.4,FCFS
335,sequential,random,20,250,239,UP,0.0641,1.0,0.1298,0.9789,138,119,139,398,27.46,2038.75,2166.31,27.46,FCFS
336,sequential,continuous,28,150,64,UP,0.1518,1.0,0.154,0.9704,50,31,193,296,921.1,2948.91,3743.04,2885.75,FCFS
337,sequential,continuous,18,250,157,UP,0.0576,1.0,0.0,1.0,18,18,200,497,392.78,395.09,667.22,2316.92,FCFS
338,sequential,sequential,20,400,297,UP,0.0398,1.0,0.2248,0.9368,289,270,474,547,14.6,2670.32,3499.92,14.6,FCFS
339,sequential,all_at_once,49,400,172,UP,0.1005,1.0,0.1155,0.9833,261,213,213,213,6652.16,6652.16,6652.16,6652.16,SSTF
340,sequential,continuous,12,400,135,UP,0.0234,1.0,0.0,1.0,149,149,149,149,173.89,173.89,173.89,173.89,FCFS
341,sequential,random,49,150,127,DOWN,0.2689,1.0,0.1155,0.9833,65,65,65,65,24.37,24.37,24.37,24.37,FCFS
342,sequential,all_at_once,25,300,152,DOWN,0.0675,1.0,0.1155,0.9833,90,66,370,556,1732.59,1732.59,1732.59,1732.59,SSTF
343,sequential,bursty,13,200,112,DOWN,0.0514,1.0,0.1633,0.9667,25,13,13,13,97.9,942.66,942.66,942.66,FCFS
344,sequential,random,23,250,155,UP,0.0743,1.0,0.1206,0.9818,52,52,52,52,6.3,6.3,6.3,6.3,FCFS
345,sequential,sequential,30,250,249,DOWN,0.0975,1.0,0.1819,0.9586,199,170,170,170,35.38,4307.04,4307.04,4307.04,FCFS
346,sequential,random,33,400,287,UP,0.0673,1.0,0.1414,0.975,65,33,257,797,69.57,4037.18,5790.35,69.57,FCFS
347,sequential,sequential,39,150,68,DOWN,0.213,1.0,0.0,1.0,77,39,39,39,85.17,5817.73,5817.73,5817.73,FCFS
348,sequential,continuous,16,150,74,DOWN,0.0853,1.0,0.1461,0.9733,29,29,149,298,301.26,859.5,931.98,1241.55,FCFS
349,sequential,sequential,25,200,83,DOWN,0.1012,1.0,0.0,1.0,82,82,248,340,34.96,34.96,34.96,4398.51,FCFS
350,sequential,random,41,400,239,DOWN,0.0838,1.0,0.0894,0.99,201,201,201,201,52.1,52.1,52.1,52.1,FCFS
351,sequential,sequential,11,150,100,DOWN,0.0567,1.0,0.1789,0.96,19,19,219,289,5.09,5.09,5.09,1137.53,FCFS
352,sequential,random,47,250,12,UP,0.1543,1.0,0.1445,0.9739,208,162,162,162,46.62,9268.53,9268.53,9268.53,FCFS
353,sequential,all_at_once,48,300,146,UP,0.1312,1.0,0.1167,0.983,48,48,48,48,6429.04,6429.04,6429.04,6429.04,FCFS
354,sequential,bursty,18,250,186,DOWN,0.0574,1.0,0.1372,0.9765,94,77,77,77,158.44,1914.33,1914.33,1914.33,FCFS
355,sequential,random,12,300,26,UP,0.0313,1.0,0.0,1.0,28,17,563,592,29.72,588.53,1243.2,29.72,FCFS
356,sequential,continuous,28,150,98,DOWN,0.1518,1.0,0.0,1.0,46,35,215,298,952.15,3116.36,4280.53,3857.91,FCFS
357,sequential,all_at_once,49,400,60,UP,0.1003,1.0,0.1633,0.9667,90,90,90,90,6597.6,6597.6,6597.6,6597.6,FCFS
358,sequential,sequential,33,250,142,DOWN,0.1075,1.0,0.1,0.9875,141,109,109,109,54.56,4708.39,4708.39,4708.39,FCFS
359,sequential,all_at_once,48,400,205,UP,0.0983,1.0,0.1429,0.9745,77,64,418,797,6392.85,6560.04,10825.45,16805.3,SSTF
360,sequential,continuous,18,250,205,DOWN,0.0577,1.0,0.1372,0.9765,139,122,122,122,379.41,1504.01,1504.01,1504.01,FCFS
361,sequential,random,19,400,263,UP,0.038,1.0,0.0,1.0,21,21,287,797,16.6,29.19,402.63,4468.01,FCFS
362,sequential,continuous,30,200,100,DOWN,0.1223,1.0,0.105,0.9862,97,68,68,68,1078.13,3619.41,3619.41,3619.41,FCFS
363,sequential,continuous,42,400,272,DOWN,0.0858,1.0,0.1249,0.9805,149,108,652,731,2097.26,7061.01,8887.59,2097.26,FCFS
364,sequential,all_at_once,40,150,94,DOWN,0.2185,1.0,0.1281,0.9795,84,45,233,292,4426.91,4426.91,4426.91,4426.91,SSTF
365,sequential,continuous,47,250,203,UP,0.1544,1.0,0.118,0.9826,164,118,210,426,2634.99,8815.3,9505.87,2634.99,FCFS
366,sequential,all_at_once,26,400,295,UP,0.0527,1.0,0.16,0.968,187,162,370,661,1847.68,1847.68,1847.68,1847.68,SSTF
367,sequential,sequential,40,200,134,DOWN,0.1638,1.0,0.0906,0.9897,72,72,72,72,81.85,81.85,81.85,81.85,FCFS
368,sequential,sequential,25,150,146,UP,0.1352,1.0,0.1633,0.9667,101,77,83,245,30.73,2677.58,2747.9,30.73,FCFS
369,sequential,bursty,38,250,107,UP,0.1243,1.0,0.1611,0.9676,169,132,132,132,93.74,5925.33,5925.33,5925.33,FCFS
370,sequential,all_at_once,23,300,256,DOWN,0.062,1.0,0.1206,0.9818,36,36,520,598,1485.62,1550.29,5250.53,6090.6,FCFS
371,sequential,bursty,18,400,106,DOWN,0.0359,1.0,0.1372,0.9765,65,65,277,750,209.47,209.47,303.05,4750.62,FCFS
372,sequential,bursty,34,250,244,UP,0.1135,1.0,0.1784,0.9636,72,38,48,494,124.16,4878.54,5022.85,818.09,FCFS
373,sequential,continuous,31,400,181,DOWN,0.0631,1.0,0.1789,0.96,99,99,461,729,1121.4,1121.4,1121.4,4795.63,FCFS
374,sequential,sequential,22,200,71,DOWN,0.0886,1.0,0.1234,0.981,68,47,189,372,23.09,2017.36,2780.57,23.09,FCFS
375,sequential,random,28,200,176,DOWN,0.1137,1.0,0.1089,0.9852,92,92,92,92,10.42,10.42,10.42,10.42,FCFS
376,sequential,random,32,400,369,DOWN,0.0651,1.0,0.1016,0.9871,121,121,121,121,61.3,61.3,61.3,61.3,FCFS
377,sequential,random,46,400,194,DOWN,0.0942,1.0,0.1461,0.9733,223,178,178,178,98.02,9213.99,9213.99,9213.99,FCFS
378,sequential,random,28,150,73,UP,0.1519,1.0,0.1089,0.9852,45,45,197,280,14.68,14.68,14.68,4924.9,FCFS
379,sequential,continuous,26,300,109,UP,0.0701,1.0,0.16,0.968,56,31,31,31,783.35,2564.86,2564.86,2564.86,FCFS
380,sequential,continuous,45,250,35,UP,0.1474,1.0,0.1206,0.9818,54,78,438,497,2390.82,6670.93,10591.33,11392.07,FCFS
381,sequential,continuous,47,200,62,UP,0.1929,1.0,0.0834,0.9913,123,123,123,123,2640.37,2640.37,2640.37,2640.37,FCFS
382,sequential,bursty,50,200,13,UP,0.2056,1.0,0.1143,0.9837,118,118,118,118,75.03,75.03,75.03,75.03,FCFS
383,sequential,continuous,40,150,35,UP,0.2187,1.0,0.1569,0.9692,49,49,49,49,1885.65,1885.65,1885.65,1885.65,FCFS
384,sequential,random,36,300,244,UP,0.0979,1.0,0.1352,0.9771,213,178,288,455,54.95,6078.93,7118.56,54.95,FCFS
385,sequential,continuous,28,150,22,UP,0.152,1.0,0.1886,0.9556,30,30,30,30,891.42,891.42,891.42,891.42,FCFS
386,sequential,all_at_once,12,200,106,UP,0.047,1.0,0.1706,0.9636,42,42,42,42,386.38,386.38,386.38,386.38,FCFS
387,sequential,all_at_once,41,200,191,DOWN,0.1679,1.0,0.0,1.0,94,54,54,54,4742.14,4742.14,4742.14,4742.14,SSTF
388,sequential,random,29,400,308,UP,0.0588,1.0,0.1069,0.9857,59,31,213,795,23.61,3246.6,4592.23,23.78,FCFS
389,sequential,sequential,39,400,268,DOWN,0.0797,1.0,0.1298,0.9789,210,210,210,210,73.98,73.98,73.98,73.98,FCFS
390,sequential,random,39,250,49,UP,0.1276,1.0,0.0,1.0,80,80,80,80,23.08,23.08,23.08,23.08,FCFS
391,sequential,all_at_once,39,250,183,UP,0.1277,1.0,0.1298,0.9789,47,47,179,489,4198.96,4198.96,4198.96,4198.96,FCFS
392,sequential,sequential,31,250,145,UP,0.1034,1.0,0.1575,0.9733,32,32,32,32,45.62,45.62,45.62,45.62,FCFS
393,sequential,all_at_once,50,300,218,DOWN,0.1368,1.0,0.0,1.0,247,198,198,198,7053.93,7053.93,7053.93,7053.93,SSTF
394,sequential,random,16,200,35,DOWN,0.0637,1.0,0.0,1.0,34,19,89,394,42.87,1056.12,1343.51,42.87,FCFS
395,sequential,bursty,10,250,98,UP,0.0309,1.0,0.0,1.0,14,14,306,497,68.88,164.74,177.14,705.86,FCFS
396,sequential,random,27,250,77,UP,0.0875,1.0,0.1109,0.9846,88,62,62,62,53.62,3070.88,3070.88,3070.88,FCFS
397,sequential,bursty,33,200,15,UP,0.1347,1.0,0.1,0.9875,97,65,65,65,74.98,4417.95,4417.95,4417.95,FCFS
398,sequential,all_at_once,20,300,257,DOWN,0.0534,1.0,0.1298,0.9789,173,154,154,154,1104.15,1104.15,1104.15,1104.15,SSTF
399,sequential,sequential,28,250,157,UP,0.0911,1.0,0.154,0.9704,135,135,319,390,35.73,35.73,35.73,5425.35,FCFS
400,sequential,bursty,40,200,116,DOWN,0.1638,1.0,0.1281,0.9795,93,93,93,93,68.64,68.64,68.64,68.64,FCFS
401,clustered,sequential,45,300,275,UP,0.4873,0.5056,1.0,0.2707,1004,219,267,556,2184.94,4138.33,4483.35,6650.67,SSTF
402,clustered,continuous,48,150,134,DOWN,0.428,1.0,0.8992,0.3102,431,102,102,102,4700.41,5141.5,5141.5,5141.5,FCFS
403,clustered,all_at_once,33,150,144,UP,0.4925,0.7586,0.989,0.2703,442,110,120,274,5074.19,2951.79,2951.79,2951.79,SSTF
404,clustered,sequential,42,200,146,UP,0.5662,0.6562,1.0,0.2541,827,144,216,363,2012.16,4110.63,4676.55,3870.32,FCFS
405,clustered,continuous,43,300,59,UP,0.4848,0.5181,0.8629,0.291,877,184,184,184,6610.08,4241.46,4241.46,4241.46,SSTF
406,clustered,bursty,15,400,228,UP,0.4375,0.1622,1.0,0.2719,544,254,456,715,200.08,2105.73,3514.46,6310.01,FCFS
407,clustered,continuous,42,300,233,UP,0.489,0.506,0.8774,0.3091,992,170,302,593,6716.49,6896.24,7404.22,4797.97,C-SCAN
408,clustered,all_at_once,29,150,101,DOWN,0.469,0.6905,0.8228,0.4183,223,97,216,298,3098.4,2292.52,2544.94,2890.62,SSTF
409,clustered,bursty,23,400,37,UP,0.3193,0.3194,0.8224,0.4883,505,281,281,281,283.06,676.42,676.42,676.42,FCFS
410,clustered,bursty,14,400,30,UP,0.4036,0.1657,0.9461,0.2194,701,255,255,255,579.73,1246.35,1246.35,1246.35,FCFS
411,clustered,bursty,28,300,92,UP,0.494,0.3164,0.8696,0.2891,761,203,441,578,413.33,1773.52,1106.43,1152.79,FCFS
412,clustered,all_at_once,34,300,193,DOWN,0.553,0.3757,1.0,0.2119,1055,222,428,585,9122.99,4279.48,5650.05,7300.22,SSTF
413,clustered,all_at_once,44,200,167,DOWN,0.491,0.7458,0.9407,0.2652,682,128,128,128,9115.65,5231.33,5231.33,5231.33,SSTF
414,clustered,sequential,44,300,270,UP,0.4994,0.5176,0.9455,0.264,934,200,258,567,2556.05,4894.51,5548.55,5116.45,SSTF
415,clustered,continuous,11,250,118,DOWN,0.3674,0.2222,0.7163,0.5115,235,136,296,459,473.36,837.71,1668.9,2755.27,SSTF
416,clustered,sequential,24,200,117,DOWN,0.4981,0.4103,0.5232,0.2795,413,186,280,392,481.53,2017.19,2491.78,3060.35,FCFS
417,clustered,continuous,22,150,8,DOWN,0.0901,1.0,0.4729,0.2131,174,75,91,240,766.4,1183.51,1199.94,1164.97,FCFS
418,clustered,continuous,25,200,17,UP,0.428,0.495,0.7532,0.4226,381,134,134,134,1484.24,2609.38,2609.38,2609.38,FCFS
419,clustered,sequential,38,400,344,UP,0.5568,0.3016,0.959,0.3007,1151,277,387,772,2381.34,3844.6,4728.53,8650.49,SSTF
420,clustered,continuous,12,300,224,UP,0.4541,0.1611,0.7903,0.6274,343,208,294,596,575.7,1293.36,1206.03,1386.26,FCFS
421,clustered,sequential,13,200,128,DOWN,0.3457,0.3421,0.8201,0.2156,210,92,271,394,93.12,806.26,517.58,954.74,FCFS
422,clustered,sequential,46,250,147,DOWN,0.4735,0.6866,0.8574,0.2019,738,224,336,481,1503.97,6574.99,7747.78,9024.57,FCFS
423,clustered,random,19,400,113,DOWN,0.5542,0.1564,0.8158,0.3257,528,274,436,716,702.72,1272.31,2129.22,2007.06,SSTF
424,clustered,bursty,13,400,302,UP,0.0899,0.5652,0.4041,0.2795,144,81,230,796,59.07,426.69,1166.78,2004.34,FCFS
425,clustered,continuous,41,150,88,DOWN,0.4457,1.0,0.8593,0.2031,424,98,196,291,3568.4,4229.51,5137.36,5840.34,SSTF
426,clustered,bursty,36,300,76,DOWN,0.5085,0.3871,0.8671,0.2626,762,227,311,598,334.15,2870.05,3500.01,4974.22,FCFS
427,clustered,random,44,300,123,UP,0.4718,0.5333,1.0,0.2564,755,278,402,575,723.49,5306.58,6233.02,6025.86,FCFS
428,clustered,bursty,19,300,29,DOWN,0.4667,0.2197,0.876,0.333,467,209,267,561,191.57,509.62,649.07,3512.01,SCAN
429,clustered,random,43,200,99,UP,0.2551,1.0,1.0,0.2141,401,68,250,396,442.92,2214.8,3328.91,5697.99,SSTF
430,clustered,all_at_once,31,150,115,DOWN,0.4971,0.6889,0.8431,0.2796,356,89,230,298,4199.01,2635.07,2785.94,2869.24,SSTF
431,clustered,continuous,22,150,68,DOWN,0.3332,0.8148,1.0,0.2259,260,64,147,294,1096.81,1531.22,1518.74,2413.38,SSTF
432,clustered,bursty,12,150,48,UP,0.4129,0.338,1.0,0.6786,147,76,208,293,73.1,471.8,243.13,243.44,FCFS
433,clustered,sequential,31,250,244,UP,0.4958,0.4559,0.7999,0.2396,706,193,203,440,1120.74,1899.43,1986.97,3214.58,SSTF
434,clustered,bursty,17,300,124,UP,0.4412,0.2329,1.0,0.4714,277,181,386,574,110.48,504.11,3566.74,5409.4,FCFS
435,clustered,bursty,45,250,198,DOWN,0.5809,0.5844,1.0,0.3317,657,153,396,498,211.16,2358.01,3774.76,3972.24,FCFS
436,clustered,random,44,250,78,DOWN,0.4726,0.6286,0.9967,0.3245,659,162,278,495,1361.27,6600.89,7604.33,4412.82,FCFS
437,clustered,random,41,300,50,DOWN,0.2923,0.8283,1.0,0.3221,473,182,282,514,466.2,1409.07,1625.78,10093.96,SSTF
438,clustered,continuous,33,250,105,UP,0.2604,0.8462,1.0,0.3853,307,117,325,466,2277.03,2030.66,2691.6,3278.49,SSTF
439,clustered,random,19,150,66,DOWN,0.3406,0.6552,0.7891,0.2687,225,88,184,298,87.62,1584.4,2082.69,1173.52,FCFS
440,clustered,continuous,22,250,58,DOWN,0.4831,0.3284,0.9373,0.4576,450,138,254,493,1531.76,2239.75,2539.58,1180.0,SSTF
441,clustered,random,41,400,335,DOWN,0.5915,0.3015,1.0,0.2127,930,277,277,277,1591.82,2514.76,2514.76,2514.76,FCFS
442,clustered,sequential,41,300,86,DOWN,0.4871,0.474,1.0,0.2022,872,186,330,598,1956.9,2405.48,3193.99,8676.86,SCAN
443,clustered,continuous,44,300,94,UP,0.2868,0.8627,1.0,0.2092,588,132,437,596,5053.39,5869.9,6822.76,8268.51,SSTF
444,clustered,sequential,14,150,1,DOWN,0.2781,0.56,1.0,0.4989,132,92,94,255,33.89,139.45,143.05,1372.61,SSTF
445,clustered,sequential,24,150,38,UP,0.5407,0.5333,0.8311,0.2089,243,103,226,297,300.98,1295.24,2773.42,3121.27,SSTF
446,clustered,bursty,39,250,15,DOWN,0.5482,0.5132,1.0,0.2601,834,185,215,464,579.09,5679.4,5998.11,4988.34,FCFS
447,clustered,all_at_once,10,400,282,DOWN,0.0577,0.6897,0.3057,0.3485,111,51,51,51,404.11,288.82,288.82,288.82,SSTF
448,clustered,all_at_once,43,250,137,DOWN,0.4953,0.6014,1.0,0.2168,697,232,326,466,9619.61,5550.46,6080.48,6929.61,SSTF
449,clustered,continuous,37,200,27,UP,0.514,0.6016,1.0,0.3027,385,135,135,135,2690.39,3909.76,3909.76,3909.76,FCFS
450,clustered,random,25,200,158,DOWN,0.3013,0.7353,0.9558,0.2418,325,115,115,115,118.06,1819.32,1819.32,1819.32,FCFS
451,clustered,bursty,35,150,95,DOWN,0.4962,0.8046,0.9111,0.2701,396,106,210,290,155.47,2272.9,2325.09,2797.3,SSTF
452,clustered,all_at_once,25,200,76,UP,0.2604,0.8065,0.9366,0.213,180,88,280,381,2419.03,1721.42,2707.5,3413.03,SSTF
453,clustered,all_at_once,35,300,193,DOWN,0.3415,0.5882,0.8443,0.2846,610,163,431,593,7385.35,4053.62,6491.43,8561.44,SSTF
454,clustered,bursty,10,200,21,DOWN,0.3121,0.2857,0.5483,0.5644,129,108,150,359,136.92,319.85,319.85,801.85,FCFS
455,clustered,sequential,31,400,48,UP,0.5174,0.2638,1.0,0.2292,1188,275,275,275,2337.14,3328.65,3328.65,3328.65,FCFS
456,clustered,all_at_once,46,300,138,UP,0.5167,0.5198,1.0,0.2712,774,270,404,537,11202.78,7394.14,8980.82,10758.29,SSTF
457,clustered,sequential,27,400,288,UP,0.5517,0.2186,0.8589,0.2484,1030,291,423,737,2293.01,1935.27,2733.55,8170.8,SSTF
458,clustered,bursty,11,200,150,UP,0.0461,1.0,0.5257,0.3755,117,86,184,323,84.4,373.58,452.29,820.98,FCFS
459,clustered,continuous,29,200,144,UP,0.5306,0.4793,0.8565,0.3053,325,141,209,369,2063.74,2875.99,3401.27,5351.5,SSTF
460,clustered,all_at_once,44,250,98,UP,0.4485,0.6718,1.0,0.3134,570,169,341,477,8967.79,5408.89,7356.48,9277.63,SSTF
461,clustered,sequential,32,150,25,DOWN,0.5645,0.6809,1.0,0.3779,353,96,146,295,442.1,1380.02,1632.08,4030.14,SSTF
462,clustered,random,31,400,393,DOWN,0.3163,0.4306,1.0,0.2218,964,207,207,207,1476.86,2838.59,2838.59,2838.59,FCFS
463,clustered,bursty,50,250,200,DOWN,0.5114,0.7194,1.0,0.2327,693,147,147,147,84.15,902.31,902.31,902.31,FCFS
464,clustered,sequential,32,400,192,DOWN,0.4986,0.2857,0.9481,0.288,909,357,518,798,2144.31,4821.08,4179.94,6021.28,SCAN
465,clustered,sequential,47,300,43,DOWN,0.512,0.5311,1.0,0.2445,829,197,283,577,1945.18,5306.85,6319.54,5325.97,SSTF
466,clustered,bursty,14,150,68,UP,0.3646,0.4667,0.8811,0.4341,127,88,192,278,42.08,1065.68,1583.16,2024.75,FCFS
467,clustered,random,50,200,189,DOWN,0.5276,0.8403,0.8802,0.2049,738,142,142,142,1410.82,4755.63,4755.63,4755.63,FCFS
468,clustered,bursty,16,150,1,DOWN,0.0747,1.0,0.5299,0.2759,113,57,59,255,161.81,673.62,698.25,1569.95,FCFS
469,clustered,sequential,27,150,33,UP,0.5593,0.551,0.6666,0.2015,450,104,239,297,610.6,1363.29,1387.56,1601.66,SSTF
470,clustered,all_at_once,38,400,284,DOWN,0.485,0.3319,1.0,0.2951,848,258,598,789,9958.58,5096.3,8746.43,11444.63,SSTF
471,clustered,continuous,15,250,141,UP,0.3638,0.297,0.7646,0.245,305,137,279,457,939.95,912.15,1602.68,2685.84,SSTF
472,clustered,bursty,30,300,6,DOWN,0.4786,0.355,1.0,0.4441,428,224,236,542,211.72,565.99,613.79,6619.12,SSTF
473,clustered,bursty,15,400,124,UP,0.3234,0.2128,0.9832,0.2084,379,153,153,153,217.03,481.16,481.16,481.16,FCFS
474,clustered,bursty,18,250,77,DOWN,0.498,0.25,0.6573,0.354,398,167,273,460,153.29,2345.55,3034.28,2380.94,FCFS
475,clustered,bursty,14,200,111,DOWN,0.3729,0.3544,1.0,0.253,201,103,247,381,150.39,459.27,1678.62,2637.24,SSTF
476,clustered,sequential,40,150,92,DOWN,0.5478,0.8247,0.9545,0.2704,447,159,217,280,831.28,1938.92,2179.93,2618.41,FCFS
477,clustered,all_at_once,50,300,100,DOWN,0.4998,0.5848,1.0,0.232,1039,212,328,550,17325.86,7778.42,9106.75,12048.51,SSTF
478,clustered,continuous,29,150,101,DOWN,0.4802,0.7436,1.0,0.2223,376,91,212,297,2420.06,2259.4,3086.86,3669.14,SSTF
479,clustered,continuous,31,300,171,DOWN,0.4551,0.3949,0.7433,0.3423,479,262,392,568,2640.25,3033.07,3952.83,5461.4,SSTF
480,clustered,bursty,29,250,154,UP,0.3294,0.6444,1.0,0.3438,576,131,237,473,230.19,3035.21,3785.87,5288.26,FCFS
481,clustered,bursty,21,300,163,DOWN,0.509,0.2471,0.7098,0.2972,402,297,404,594,230.85,2060.16,1706.49,4406.42,FCFS
482,clustered,bursty,25,250,96,DOWN,0.2523,0.6579,0.762,0.2253,294,97,289,476,229.77,675.2,1319.61,4820.47,SSTF
483,clustered,continuous,17,400,102,UP,0.3299,0.2361,0.9089,0.55,412,171,171,171,985.14,1703.29,1703.29,1703.29,FCFS
484,clustered,all_at_once,39,200,112,DOWN,0.4644,0.6667,0.8943,0.2369,472,207,279,395,6788.91,4525.15,5519.95,6405.38,SSTF
485,clustered,sequential,41,200,162,DOWN,0.4865,0.7523,0.971,0.3235,393,114,114,114,623.8,1766.68,1766.68,1766.68,FCFS
486,clustered,bursty,19,300,193,UP,0.6034,0.1969,1.0,0.3791,757,241,355,492,176.31,1649.62,2264.1,3672.51,SSTF
487,clustered,continuous,40,400,205,DOWN,0.4567,0.3687,1.0,0.2089,892,330,512,721,6420.08,5969.75,7181.56,8794.59,SSTF
488,clustered,all_at_once,33,400,304,UP,0.5032,0.2845,0.7557,0.2582,1202,248,408,796,11742.08,4149.31,4636.39,6398.53,SSTF
489,clustered,continuous,32,200,165,UP,0.4583,0.5926,0.8371,0.2077,521,114,182,391,3156.29,3315.23,3665.26,2590.5,SSTF
490,clustered,all_at_once,35,250,247,DOWN,0.5289,0.4698,0.9334,0.2747,805,199,199,199,7135.63,4006.92,4006.92,4006.92,SSTF
491,clustered,bursty,16,250,56,UP,0.3437,0.2883,1.0,0.523,223,133,133,133,66.52,633.85,633.85,633.85,FCFS
492,clustered,random,35,300,256,UP,0.5312,0.3784,0.887,0.2141,959,196,282,586,1425.71,4015.2,4521.62,3320.94,FCFS
493,clustered,all_at_once,40,150,75,DOWN,0.4658,1.0,1.0,0.2579,396,112,190,273,6374.59,4212.88,4941.25,5666.29,SSTF
494,clustered,bursty,19,250,79,DOWN,0.4701,0.2815,0.6593,0.2051,363,153,273,496,48.14,310.92,575.46,1642.43,SSTF
495,clustered,all_at_once,43,300,178,DOWN,0.5172,0.4725,1.0,0.227,1001,294,424,549,13854.91,6127.75,7194.13,8409.99,SSTF
496,clustered,all_at_once,38,250,17,DOWN,0.4078,0.623,0.9792,0.2556,481,180,214,439,6024.01,4023.43,4023.43,4023.43,SSTF
497,clustered,sequential,17,150,87,UP,0.3387,0.5862,1.0,0.2007,151,68,170,264,65.28,338.95,549.23,960.26,FCFS
498,clustered,random,25,400,89,UP,0.5255,0.2252,1.0,0.2589,797,233,233,233,1081.01,2398.0,2398.0,2398.0,FCFS
499,clustered,sequential,37,300,118,DOWN,0.5418,0.4229,1.0,0.2133,877,217,367,497,1602.45,1968.89,2842.37,4751.32,SSTF
500,clustered,continuous,50,300,202,UP,0.4907,0.5814,1.0,0.2515,714,199,337,557,7234.86,6607.91,7538.8,7981.25,SSTF
501,clustered,all_at_once,38,400,219,DOWN,0.5236,0.3207,1.0,0.2927,1063,368,550,795,12379.69,6553.19,8761.76,11276.73,SSTF
502,clustered,continuous,23,200,71,UP,0.5292,0.374,0.9349,0.361,389,144,278,380,1294.34,1868.26,1569.81,1945.6,SSTF
503,clustered,sequential,44,200,93,DOWN,0.3205,1.0,1.0,0.2086,456,92,204,398,831.54,2970.9,5112.76,5934.77,SSTF
504,clustered,continuous,17,250,171,DOWN,0.0621,1.0,0.4511,0.2261,121,19,19,19,506.2,546.16,546.16,546.16,FCFS
505,clustered,continuous,30,400,198,DOWN,0.4662,0.2715,0.9437,0.2974,1020,328,502,798,6081.35,4121.32,4799.57,4912.56,SSTF
506,clustered,continuous,32,250,216,DOWN,0.499,0.4384,0.9664,0.2836,750,167,167,167,3751.85,3458.71,3458.71,3458.71,SSTF
507,clustered,sequential,29,400,302,UP,0.5576,0.2239,0.895,0.276,851,298,420,797,1374.1,4262.51,4992.85,5534.08,FCFS
508,clustered,sequential,17,200,78,UP,0.3751,0.4048,1.0,0.2182,211,100,259,394,159.07,296.93,1505.52,2518.2,SSTF
509,clustered,continuous,19,400,198,DOWN,0.4663,0.1776,0.6218,0.4451,664,330,495,794,2173.08,2537.74,4140.54,6788.68,SSTF
510,clustered,bursty,46,300,216,UP,0.5625,0.5027,1.0,0.201,674,206,324,597,58.54,907.63,990.81,869.94,SSTF
511,clustered,bursty,44,200,142,UP,0.5405,0.7273,1.0,0.36,607,142,214,397,152.13,4891.12,5436.77,4764.1,SSTF
512,clustered,continuous,18,200,80,DOWN,0.319,0.5143,0.97,0.1973,233,102,196,372,831.77,1185.14,1661.0,2631.41,SSTF
513,clustered,sequential,32,150,124,UP,0.4946,0.7356,0.8063,0.2055,301,99,149,285,306.11,1366.43,1632.83,4857.22,SSTF
514,clustered,bursty,45,400,334,DOWN,0.5647,0.3529,1.0,0.2462,1301,260,260,260,320.38,5816.83,5816.83,5816.83,FCFS
515,clustered,sequential,41,300,227,DOWN,0.4745,0.491,1.0,0.2,663,190,470,596,1207.18,2962.79,5709.55,6644.63,SSTF
516,clustered,all_at_once,46,150,56,DOWN,0.5127,1.0,1.0,0.2314,412,160,172,289,8517.32,5701.45,6183.14,7879.48,SSTF
517,clustered,bursty,24,400,147,UP,0.476,0.2286,0.785,0.2915,857,262,557,773,588.8,2849.32,5442.09,7854.15,SSTF
518,clustered,continuous,41,400,261,UP,0.5047,0.3431,0.9707,0.2018,1066,303,449,759,9368.3,5820.58,6742.9,9518.94,SSTF
519,clustered,bursty,27,400,187,UP,0.5567,0.2222,1.0,0.3452,1058,368,540,706,1091.52,1587.34,2169.14,2922.11,SSTF
520,clustered,random,23,300,52,UP,0.2256,0.575,0.5391,0.3945,416,104,104,104,122.41,2321.43,2321.43,2321.43,FCFS
521,clustered,bursty,38,250,89,UP,0.4728,0.5468,0.9415,0.3171,756,242,354,480,383.98,4273.73,4788.75,5647.75,FCFS
522,clustered,continuous,25,200,188,DOWN,0.2776,0.7143,0.9447,0.4313,300,107,107,107,1196.41,1803.37,1803.37,1803.37,FCFS
523,clustered,sequential,37,200,157,UP,0.5607,0.5441,0.915,0.1923,589,147,207,395,1036.59,3260.35,3690.59,4764.09,FCFS
524,clustered,continuous,13,400,179,DOWN,0.0787,0.65,0.2758,0.2594,232,95,453,742,480.16,497.57,504.02,638.04,SSTF
525,clustered,random,20,250,180,DOWN,0.4966,0.2941,0.6452,0.3117,401,164,367,494,224.69,912.82,1219.99,1561.03,FCFS
526,clustered,sequential,27,400,347,UP,0.5406,0.2222,1.0,0.4381,590,275,379,765,963.62,1987.07,2248.51,6158.75,SCAN
527,clustered,sequential,36,150,70,UP,0.5668,0.7579,0.9364,0.3082,336,144,202,266,371.69,1555.3,1775.33,2536.61,SSTF
528,clustered,bursty,19,250,212,UP,0.4963,0.2923,1.0,0.2233,486,155,229,472,178.94,2379.28,2928.59,1520.69,FCFS
529,clustered,bursty,19,400,323,DOWN,0.2262,0.3585,0.6335,0.4663,345,118,118,118,259.26,2539.83,2539.83,2539.83,FCFS
530,clustered,continuous,38,150,23,DOWN,0.5049,0.8941,1.0,0.4373,300,96,142,286,2461.18,4700.22,5058.9,1977.49,SSTF
531,clustered,random,27,250,116,DOWN,0.3305,0.5934,0.9801,0.3315,344,95,317,498,356.39,1274.06,2197.19,3023.39,FCFS
532,clustered,all_at_once,10,150,117,DOWN,0.3433,0.3571,0.7459,0.5567,97,75,75,75,429.85,367.47,367.47,367.47,SSTF
533,clustered,bursty,35,200,109,UP,0.4926,0.6034,0.9382,0.2122,395,204,249,397,167.49,4224.97,1316.64,4089.71,FCFS
534,clustered,continuous,30,250,86,UP,0.4866,0.4196,0.8113,0.2737,549,179,363,479,3267.99,2262.44,2856.35,3473.54,SSTF
535,clustered,bursty,31,150,11,UP,0.535,0.6889,0.9396,0.2635,409,111,111,111,85.96,1626.14,1626.14,1626.14,FCFS
536,clustered,all_at_once,17,200,112,DOWN,0.3484,0.4304,0.8663,0.4582,218,96,242,396,1147.38,947.87,1391.56,2074.16,SSTF
537,clustered,sequential,22,200,166,DOWN,0.4807,0.3793,0.8726,0.3366,321,124,124,124,265.64,1444.17,1444.17,1444.17,FCFS
538,clustered,random,15,250,64,UP,0.3427,0.3226,0.8383,0.5152,285,108,108,108,176.3,1280.61,1280.61,1280.61,FCFS
539,clustered,sequential,20,150,101,DOWN,0.3131,0.7273,0.6265,0.3734,203,74,74,74,106.85,1756.75,1756.75,1756.75,FCFS
540,clustered,bursty,15,150,0,UP,0.396,0.4478,0.749,0.2286,224,107,107,107,200.65,498.3,498.3,498.3,FCFS
541,clustered,all_at_once,18,400,115,DOWN,0.5787,0.1417,1.0,0.4905,465,286,450,623,2587.02,1806.77,2807.66,4212.02,SSTF
542,clustered,bursty,31,150,108,UP,0.4527,0.7654,1.0,0.356,278,94,148,263,136.83,1174.01,1384.27,2119.84,SSTF
543,clustered,all_at_once,24,300,45,UP,0.2609,0.5217,0.8085,0.3621,480,192,192,192,2717.57,1712.34,1712.34,1712.34,SSTF
544,clustered,sequential,33,250,35,DOWN,0.5024,0.4748,0.8856,0.213,658,168,238,468,830.14,4130.99,4737.38,1430.16,C-SCAN
545,clustered,continuous,19,150,135,UP,0.2301,0.9268,0.7362,0.2149,177,61,89,277,712.64,1101.81,1127.72,940.23,FCFS
546,clustered,sequential,20,300,179,UP,0.4675,0.2516,0.7504,0.3919,553,256,354,580,676.22,1780.28,1780.27,3315.67,SSTF
547,clustered,all_at_once,49,300,111,UP,0.4647,0.6282,1.0,0.2961,782,193,414,578,12469.18,7536.98,9541.47,11835.81,SSTF
548,clustered,random,17,400,373,DOWN,0.3868,0.2024,1.0,0.5358,367,252,252,252,400.66,737.31,737.31,737.31,FCFS
549,clustered,all_at_once,30,200,63,DOWN,0.4882,0.531,1.0,0.5104,335,123,227,369,3506.39,2644.9,3045.57,3486.88,SSTF
550,clustered,all_at_once,45,400,307,DOWN,0.5037,0.3863,1.0,0.2462,1044,247,247,247,13578.09,6805.72,6805.72,6805.72,SSTF
551,clustered,bursty,29,200,132,UP,0.448,0.5225,0.7327,0.2016,402,132,222,381,233.9,2119.41,2758.65,3096.55,SSTF
552,clustered,all_at_once,13,200,126,DOWN,0.3074,0.3768,0.6439,0.3791,186,68,252,398,744.21,602.64,822.1,1085.72,SSTF
553,clustered,random,41,400,36,UP,0.5494,0.313,0.7588,0.4292,816,297,297,297,1879.57,1007.5,1007.5,1007.5,SSTF
554,clustered,random,18,300,291,DOWN,0.5048,0.2222,0.8466,0.2982,549,222,222,222,619.43,1070.47,1070.47,1070.47,FCFS
555,clustered,continuous,21,300,37,UP,0.465,0.2675,0.8217,0.4873,329,186,186,186,1273.52,995.24,995.24,995.24,SSTF
556,clustered,all_at_once,10,250,55,UP,0.0676,0.9524,0.3677,0.2222,105,32,32,32,411.39,259.05,259.05,259.05,SSTF
557,clustered,bursty,42,250,160,DOWN,0.4942,0.5753,1.0,0.2734,593,262,348,476,89.41,1288.83,1420.22,1708.04,SSTF
558,clustered,random,35,150,137,UP,0.493,0.8434,1.0,0.266,398,99,123,281,486.44,950.61,1054.31,4455.66,SSTF
559,clustered,sequential,29,150,130,UP,0.3359,1.0,0.9914,0.2059,317,63,101,291,353.97,1288.5,1433.59,2877.78,SSTF
560,clustered,bursty,30,300,33,DOWN,0.4626,0.3468,0.971,0.3166,541,197,263,573,281.14,2117.97,2490.16,3424.45,FCFS
561,clustered,bursty,25,150,62,UP,0.2408,1.0,0.9453,0.2377,151,58,200,283,128.67,1330.33,1853.19,2332.31,FCFS
562,clustered,random,39,400,311,UP,0.2294,0.729,1.0,0.1912,826,210,386,694,1680.05,2736.14,3508.45,7971.25,SCAN
563,clustered,all_at_once,21,150,3,UP,0.4524,0.5526,1.0,0.2045,241,108,108,108,1817.13,1272.3,1272.3,1272.3,SSTF
564,clustered,sequential,41,250,133,DOWN,0.517,0.5655,1.0,0.3195,665,230,324,457,1292.53,5733.68,6801.46,8248.5,FCFS
565,clustered,all_at_once,18,250,187,UP,0.2401,0.48,0.9434,0.4278,175,79,193,495,1332.73,964.01,1279.47,2694.56,SSTF
566,clustered,random,37,250,134,UP,0.4724,0.5401,0.951,0.2662,681,216,310,490,1010.63,3228.48,4397.78,5125.64,FCFS
567,clustered,continuous,46,150,127,DOWN,0.4843,1.0,1.0,0.2551,432,100,100,100,3947.45,6815.94,6815.94,6815.94,FCFS
568,clustered,random,13,300,290,UP,0.2907,0.2549,1.0,0.4944,270,193,211,506,85.61,385.44,415.42,1366.89,FCFS
569,clustered,sequential,26,150,146,UP,0.544,0.5714,0.8555,0.2692,469,118,124,270,550.0,2583.88,2659.97,2336.39,FCFS
570,clustered,sequential,42,150,11,UP,0.4995,1.0,1.0,0.3444,483,107,107,107,370.32,3479.97,3479.97,3479.97,FCFS
571,clustered,sequential,40,250,98,UP,0.4897,0.5797,0.8675,0.262,697,176,341,489,1455.42,2942.99,6606.65,7991.24,SSTF
572,clustered,sequential,45,300,114,DOWN,0.5411,0.4918,1.0,0.2753,964,243,349,555,2913.25,4295.93,4944.93,4312.7,FCFS
573,clustered,continuous,30,250,211,UP,0.4716,0.4545,0.7847,0.2246,760,156,232,473,4255.16,2515.58,2589.32,4065.88,SSTF
574,clustered,sequential,17,400,344,UP,0.371,0.2073,1.0,0.5482,292,231,341,730,226.4,738.77,823.4,2802.35,FCFS
575,clustered,bursty,43,150,102,UP,0.5058,1.0,1.0,0.2038,277,98,166,280,264.66,4008.13,4645.6,1658.93,C-SCAN
576,clustered,all_at_once,29,250,22,DOWN,0.4609,0.4427,0.646,0.2114,625,168,212,460,5390.7,2930.5,2930.5,2930.5,SSTF
577,clustered,continuous,22,250,144,DOWN,0.4357,0.3359,0.8262,0.2958,324,216,332,471,1477.01,1526.18,2001.59,2723.71,SSTF
578,clustered,sequential,39,250,151,DOWN,0.5561,0.4937,1.0,0.324,756,264,345,474,1812.52,3599.91,6831.1,6066.9,SSTF
579,clustered,bursty,44,200,38,UP,0.5822,0.6822,1.0,0.3254,651,129,129,129,13.88,602.4,602.4,602.4,FCFS
580,clustered,random,24,400,177,UP,0.3017,0.3333,0.9333,0.4244,432,200,530,738,364.67,547.82,1223.41,2281.3,FCFS
581,clustered,continuous,34,250,26,UP,0.481,0.4755,1.0,0.2485,517,175,175,175,3273.98,3880.99,3880.99,3880.99,FCFS
582,clustered,random,36,300,30,UP,0.5158,0.4091,0.9147,0.3967,728,201,201,201,1015.57,4927.59,4927.59,4927.59,FCFS
583,clustered,random,12,200,133,DOWN,0.3333,0.338,0.9511,0.6161,162,71,267,397,81.15,739.98,700.25,852.57,FCFS
584,clustered,bursty,15,400,48,UP,0.0663,0.9375,0.2746,0.2488,398,243,243,243,124.49,1594.6,1594.6,1594.6,FCFS
585,clustered,sequential,47,400,31,DOWN,0.5346,0.3806,1.0,0.2563,1342,294,356,750,3722.91,3752.16,4159.46,8373.86,SCAN
586,clustered,bursty,28,250,217,DOWN,0.4655,0.4058,0.8282,0.3395,517,159,159,159,336.24,2506.92,2506.92,2506.92,FCFS
587,clustered,sequential,30,250,115,DOWN,0.4718,0.458,0.8464,0.2691,493,211,303,491,786.91,2859.14,3390.16,3486.55,FCFS
588,clustered,sequential,22,200,199,UP,0.4467,0.4272,0.7163,0.2154,358,150,150,350,280.49,1882.86,1882.86,1522.34,FCFS
589,clustered,bursty,20,300,238,DOWN,0.5883,0.2094,1.0,0.2142,664,209,483,597,627.74,1926.84,2098.33,2422.33,FCFS
590,clustered,bursty,44,250,246,UP,0.5062,0.6111,0.8078,0.3284,630,189,195,452,112.01,522.91,559.28,9544.18,SSTF
591,clustered,all_at_once,39,250,218,UP,0.3453,0.7429,1.0,0.3,640,172,234,430,7289.17,3922.08,3922.08,3922.08,SSTF
592,clustered,random,29,400,20,UP,0.4397,0.2829,0.7696,0.2474,1091,287,287,287,2692.18,3083.43,3083.43,3083.43,FCFS
593,clustered,continuous,15,200,91,DOWN,0.2887,0.4615,0.9376,0.4893,125,87,223,366,434.34,432.99,811.7,1414.56,SSTF
594,clustered,all_at_once,29,250,209,UP,0.5174,0.3973,0.901,0.2839,680,163,243,480,4833.96,2938.36,2938.36,2938.36,SSTF
595,clustered,all_at_once,38,400,383,UP,0.5266,0.329,0.8685,0.3093,1128,305,337,723,12838.25,5390.38,5390.38,5390.38,SSTF
596,clustered,all_at_once,16,200,31,UP,0.3376,0.4384,0.9671,0.2197,234,112,112,112,1237.18,885.94,885.94,885.94,SSTF
597,clustered,all_at_once,18,200,102,DOWN,0.2392,0.6429,0.7077,0.3888,171,61,253,398,1145.73,958.03,1647.54,2526.12,SSTF
598,clustered,all_at_once,47,250,234,UP,0.6328,0.5222,1.0,0.2518,1208,200,230,477,16564.82,6846.87,6846.87,6846.87,SSTF
599,clustered,random,22,300,65,UP,0.5259,0.2514,0.8331,0.2368,603,175,175,175,615.59,2440.11,2440.11,2440.11,FCFS
600,clustered,continuous,12,300,25,UP,0.2956,0.233,0.8334,0.4231,365,191,191,191,468.33,770.08,770.08,770.08,FCFS
601,bursty,bursty,35,300,15,DOWN,0.8032,0.2564,0.9245,0.2576,1528,274,304,596,1837.07,2655.44,2844.66,6805.76,SSTF
602,bursty,random,32,200,47,DOWN,0.7643,0.3636,0.5292,0.2256,1020,254,222,393,2982.18,4010.58,3639.94,4988.53,SCAN
603,bursty,bursty,19,150,62,DOWN,0.5963,0.3654,0.644,0.3111,341,128,202,281,176.28,320.64,482.47,502.85,SSTF
604,bursty,random,45,300,31,UP,0.7718,0.3285,0.548,0.2196,1701,316,567,597,5475.72,7151.19,6869.98,7039.49,FCFS
605,bursty,continuous,18,300,102,UP,0.5804,0.1782,0.763,0.3727,637,341,455,549,2229.51,2216.36,2710.92,3193.69,SSTF
606,bursty,random,34,250,122,DOWN,0.8248,0.272,0.8282,0.2207,950,466,371,498,2406.85,4773.17,2441.88,2684.47,C-SCAN
607,bursty,sequential,42,250,99,DOWN,0.796,0.3684,0.7946,0.218,1769,372,333,497,6942.27,6179.95,4227.07,7160.24,SCAN
608,bursty,random,30,400,112,UP,0.8301,0.1579,0.7993,0.2173,1889,621,686,797,5539.75,7981.82,3311.64,4011.83,SCAN
609,bursty,sequential,40,400,183,UP,0.8532,0.2,0.7942,0.275,1748,623,615,797,9272.39,6391.52,6787.78,8139.3,SSTF
610,bursty,sequential,25,200,68,UP,0.8952,0.25,0.8849,0.3638,711,267,330,382,1631.56,1129.05,3580.4,4252.27,SSTF
611,bursty,sequential,34,250,239,UP,0.7938,0.3091,0.764,0.2059,1207,238,258,479,3491.1,2647.05,2811.34,5194.44,SCAN
612,bursty,continuous,47,250,206,DOWN,0.8776,0.376,0.6201,0.2119,1892,292,455,496,18414.14,7649.59,7484.97,8096.85,C-SCAN
613,bursty,continuous,32,400,288,UP,0.7646,0.1818,1.0,0.2638,1522,428,510,796,9466.94,4468.95,5008.62,6075.5,SSTF
614,bursty,bursty,41,400,158,UP,0.8643,0.205,0.8273,0.2442,2434,557,640,796,6684.4,4687.9,8056.31,13210.23,SSTF
615,bursty,all_at_once,15,150,59,UP,0.6865,0.25,0.7461,0.3604,233,204,214,271,1155.81,1226.44,1301.14,1584.1,SSTF
616,bursty,sequential,40,150,84,UP,0.8138,0.5333,0.8308,0.2321,704,214,214,295,1308.23,2853.13,2853.13,4231.15,FCFS
617,bursty,sequential,21,250,15,UP,0.6676,0.2176,0.7883,0.3027,518,195,471,496,1007.24,700.95,1643.54,1744.91,SSTF
618,bursty,all_at_once,19,150,134,DOWN,0.6335,0.3585,0.7725,0.2717,235,117,117,117,1727.57,1316.76,1316.76,1316.76,SSTF
619,bursty,random,35,400,51,DOWN,0.8021,0.1818,0.8656,0.2304,2089,420,450,772,11246.71,4651.92,4871.23,5728.44,SCAN
620,bursty,bursty,18,200,187,DOWN,0.5353,0.2812,0.7561,0.4247,422,162,162,162,106.19,1303.63,1303.63,1303.63,FCFS
621,bursty,sequential,30,200,181,DOWN,0.6563,0.4,0.7994,0.216,638,167,380,386,1225.37,1985.15,3336.7,3422.08,SSTF
622,bursty,random,47,200,96,DOWN,0.8787,0.47,0.7954,0.2455,1324,308,295,393,3333.36,8147.76,5550.09,7596.12,SCAN
623,bursty,continuous,21,150,146,DOWN,0.6187,0.4,0.7698,0.2588,367,107,295,298,1254.41,1221.8,2299.16,2283.3,SSTF
624,bursty,continuous,21,400,162,UP,0.7796,0.1132,0.6621,0.3384,1145,578,636,724,5757.1,3224.3,3625.69,4446.18,SSTF
625,bursty,sequential,41,200,84,UP,0.8109,0.4339,0.6954,0.2428,1168,295,311,369,3925.68,4535.44,4676.34,3756.47,C-SCAN
626,bursty,random,30,200,162,UP,0.8143,0.3209,0.6986,0.2567,804,220,236,396,2011.86,1701.2,1852.81,3628.93,SSTF
627,bursty,all_at_once,10,250,53,UP,0.7712,0.0995,0.9236,0.2486,593,208,400,496,1443.84,866.19,1009.58,1527.31,SSTF
628,bursty,bursty,26,150,0,UP,0.6262,0.4685,0.6133,0.2527,481,110,110,110,226.77,2373.26,2373.26,2373.26,FCFS
629,bursty,bursty,36,200,105,DOWN,0.744,0.4114,0.7529,0.2399,877,279,279,398,391.72,4115.45,4004.84,3708.44,FCFS
630,bursty,continuous,44,300,51,DOWN,0.8297,0.3165,0.7149,0.28,1708,351,339,594,14535.72,7086.19,6718.22,10090.98,SCAN
631,bursty,all_at_once,24,200,115,UP,0.7097,0.3,0.6343,0.2779,639,260,249,397,4999.71,2742.74,2639.34,3719.64,SCAN
632,bursty,all_at_once,11,250,66,UP,0.6978,0.1128,0.6671,0.8297,357,289,429,443,899.62,1114.04,2001.28,2131.42,SSTF
633,bursty,continuous,20,300,82,UP,0.6708,0.1717,0.8588,0.2398,682,286,488,559,1989.18,2509.29,3254.22,3729.25,SSTF
634,bursty,all_at_once,31,400,314,DOWN,0.7363,0.1829,0.8529,0.2244,1271,368,652,793,11965.7,4475.5,7178.06,8829.08,SSTF
635,bursty,all_at_once,20,400,222,UP,0.689,0.1286,0.7905,0.3288,984,493,537,786,5032.4,2969.32,2843.3,4201.55,SSTF
636,bursty,continuous,31,200,48,DOWN,0.7602,0.3464,1.0,0.2038,804,308,226,382,4956.87,4297.72,2988.03,3574.98,SCAN
637,bursty,random,44,250,169,DOWN,0.8219,0.3577,0.9502,0.2462,1237,367,414,495,2778.84,3015.59,7487.76,7810.05,SSTF
638,bursty,sequential,16,150,100,DOWN,0.6619,0.2857,0.7595,0.2569,287,182,240,273,270.54,1540.53,1778.54,1194.64,FCFS
639,bursty,random,33,150,109,UP,0.7964,0.4714,0.7376,0.2521,581,217,181,296,1049.0,2385.35,2304.61,2267.72,FCFS
640,bursty,all_at_once,50,400,245,UP,0.7847,0.2786,1.0,0.2197,2519,512,512,703,34671.17,11451.26,11451.26,14408.99,SSTF
641,bursty,all_at_once,23,200,163,DOWN,0.8645,0.23,0.8533,0.2132,760,235,362,367,4667.6,2126.58,2422.38,2439.43,C-SCAN
642,bursty,bursty,17,250,200,DOWN,0.5416,0.2194,0.8599,0.4524,494,171,171,171,173.15,1711.14,1711.14,1711.14,FCFS
643,bursty,sequential,26,150,139,DOWN,0.5612,0.5306,0.9181,0.2565,426,107,288,297,648.47,1180.62,2465.93,1915.06,SSTF
644,bursty,all_at_once,34,250,47,DOWN,0.8748,0.2742,0.7177,0.2091,1238,292,296,464,12558.99,4580.34,4670.72,6208.3,SSTF
645,bursty,random,38,300,134,UP,0.7387,0.3077,0.7724,0.2811,1818,358,464,563,7375.1,4656.01,5473.14,6392.5,SSTF
646,bursty,all_at_once,13,200,192,UP,0.8054,0.1444,0.7401,0.2871,405,190,204,387,1397.25,948.55,948.55,948.55,SSTF
647,bursty,continuous,32,400,211,UP,0.6469,0.2078,0.5618,0.2278,1485,434,503,789,10518.92,5184.09,5628.81,9083.76,SSTF
648,bursty,continuous,34,400,214,DOWN,0.7945,0.1833,0.6378,0.2193,1755,526,584,774,11924.98,6967.1,6328.91,8692.45,SCAN
649,bursty,all_at_once,40,250,20,DOWN,0.7997,0.3524,0.7174,0.3473,1277,236,256,496,15997.31,5784.73,5941.52,7210.03,SSTF
650,bursty,all_at_once,46,400,292,UP,0.8155,0.2415,0.8114,0.2568,2489,477,497,794,35457.67,9833.32,10186.34,13549.77,SSTF
651,bursty,sequential,38,200,42,UP,0.8519,0.3858,0.9047,0.235,1337,267,355,396,3253.02,5320.98,2758.92,3262.68,SCAN
652,bursty,sequential,12,300,40,DOWN,0.5302,0.1348,0.6651,0.3972,390,193,241,523,342.73,574.15,732.68,2513.28,SSTF
653,bursty,all_at_once,19,400,132,DOWN,0.7401,0.1105,0.7922,0.3421,748,578,499,786,4093.82,3990.18,2486.84,5040.49,SCAN
654,bursty,random,34,400,203,DOWN,0.8499,0.1744,0.7746,0.3226,1752,592,592,689,8697.7,4553.82,4553.82,7227.23,SSTF
655,bursty,all_at_once,39,150,133,DOWN,0.8662,0.5342,0.8465,0.2488,1059,160,281,297,11291.07,4880.36,5630.4,5869.85,SSTF
656,bursty,all_at_once,19,200,145,UP,0.3689,0.4578,0.8233,0.2075,404,145,253,335,2310.48,1253.33,1253.33,1253.33,SSTF
657,bursty,bursty,16,250,222,DOWN,0.6502,0.1739,0.7701,0.3546,496,188,447,498,109.85,2046.0,1670.8,1716.75,FCFS
658,bursty,all_at_once,34,300,292,DOWN,0.6876,0.2764,0.635,0.2946,1254,246,585,597,10301.57,4145.69,4595.06,4621.88,C-SCAN
659,bursty,all_at_once,27,300,73,DOWN,0.8693,0.1875,0.887,0.2925,1129,349,371,540,7915.1,3630.77,3841.11,5091.41,SSTF
660,bursty,random,31,200,12,DOWN,0.852,0.3131,0.5731,0.2564,834,208,210,398,1480.86,2471.33,2551.71,3986.31,SSTF
661,bursty,random,11,250,209,DOWN,0.646,0.1243,0.7141,0.3299,379,178,178,178,373.25,480.86,480.86,480.86,FCFS
662,bursty,random,41,150,58,UP,0.7675,0.5899,0.8887,0.2303,752,244,234,296,1653.12,4620.88,4785.21,3637.17,FCFS
663,bursty,continuous,38,250,68,DOWN,0.7092,0.3636,0.5159,0.2253,1195,241,311,484,9009.83,4957.66,5403.49,5981.69,SSTF
664,bursty,bursty,15,200,113,UP,0.6994,0.1935,0.6476,0.4254,256,243,243,396,282.34,1911.9,2138.55,3259.33,FCFS
665,bursty,continuous,41,400,191,UP,0.7124,0.244,0.6572,0.2874,1850,505,586,772,14656.64,8724.41,8539.55,12006.36,SSTF
666,bursty,sequential,14,250,181,DOWN,0.8756,0.1167,0.8472,0.232,616,300,423,451,733.75,1686.85,782.07,959.66,SCAN
667,bursty,sequential,46,150,44,UP,0.8072,0.6345,0.5925,0.239,784,187,249,293,1666.35,5256.05,4011.81,3354.01,FCFS
668,bursty,random,25,150,116,UP,0.6829,0.4202,0.6915,0.2423,285,141,165,297,450.73,1961.78,1988.72,2736.04,SCAN
669,bursty,continuous,22,250,94,DOWN,0.7369,0.2105,0.7127,0.3005,712,357,331,491,3026.66,2490.8,2517.96,4068.25,SCAN
670,bursty,random,50,150,7,UP,0.797,0.7194,0.8486,0.2475,909,145,291,297,2108.35,5681.34,5814.64,5369.0,FCFS
671,bursty,continuous,48,300,90,DOWN,0.793,0.3529,1.0,0.2379,1957,431,389,598,20270.25,8826.14,9382.62,12805.74,SSTF
672,bursty,all_at_once,32,250,41,DOWN,0.8324,0.257,0.73,0.2276,892,455,289,487,8637.78,4797.41,3813.35,4858.18,SCAN
673,bursty,continuous,11,300,25,UP,0.7648,0.0853,0.465,0.3225,501,268,268,268,1253.72,855.81,855.81,855.81,SSTF
674,bursty,random,24,200,173,UP,0.6741,0.3077,0.8507,0.3381,528,162,214,391,704.7,892.04,1067.92,3994.0,SCAN
675,bursty,bursty,36,400,10,UP,0.8614,0.1841,0.7655,0.2936,2516,424,788,796,7775.6,3884.38,3761.76,3792.12,C-SCAN
676,bursty,random,21,400,4,UP,0.726,0.1207,0.7492,0.2345,1054,350,350,350,2663.53,1359.85,1359.85,1359.85,C-SCAN
677,bursty,random,29,250,108,DOWN,0.8129,0.2417,0.5775,0.2861,1006,380,357,488,1966.07,3405.99,3055.79,4471.03,SCAN
678,bursty,continuous,26,200,119,DOWN,0.6098,0.3562,0.6852,0.3896,583,214,307,396,2565.79,2942.41,2752.65,3414.94,SSTF
679,bursty,continuous,35,400,52,UP,0.8182,0.1763,0.9361,0.2106,1825,445,743,760,11620.44,6276.09,6427.7,6523.04,C-SCAN
680,bursty,random,33,400,331,DOWN,0.6581,0.223,0.6976,0.2722,1918,326,677,798,5987.2,5021.99,7200.91,7873.41,SSTF
681,bursty,random,16,300,32,DOWN,0.8252,0.1119,0.6513,0.5564,737,314,320,532,472.54,1803.96,1858.62,1204.61,SSTF
682,bursty,sequential,30,250,66,DOWN,0.603,0.3614,1.0,0.2574,1068,220,244,497,2634.99,2065.93,2204.03,4521.03,SSTF
683,bursty,random,43,200,14,DOWN,0.8433,0.4365,0.5943,0.2043,1240,210,210,394,2521.42,4759.66,4759.66,5437.35,FCFS
684,bursty,random,18,150,127,DOWN,0.643,0.3214,0.804,0.3559,277,120,261,293,150.61,890.17,686.41,726.91,FCFS
685,bursty,random,35,300,18,UP,0.7379,0.28,0.8124,0.2704,1877,250,250,250,6007.46,3268.72,3268.72,3268.72,C-SCAN
686,bursty,random,24,400,326,DOWN,0.7398,0.1459,0.6194,0.2187,1538,583,725,743,3449.58,3299.91,4218.95,3988.01,SSTF
687,bursty,random,29,200,168,UP,0.7623,0.3222,0.7054,0.2319,738,209,211,378,1423.05,1185.45,1222.66,4706.93,SSTF
688,bursty,continuous,40,200,189,DOWN,0.6691,0.5,0.5068,0.2285,955,165,165,165,7218.8,4493.59,4493.59,4493.59,C-SCAN
689,bursty,sequential,21,250,167,UP,0.8291,0.1842,0.7835,0.3659,749,382,319,489,1591.51,671.54,2023.73,3166.42,SSTF
690,bursty,random,24,250,107,DOWN,0.7845,0.2069,0.6927,0.281,740,401,354,479,870.09,3752.33,2226.05,1922.2,SCAN
691,bursty,bursty,47,250,118,UP,0.8103,0.3933,0.5761,0.2608,1698,350,372,495,2267.32,7183.04,3833.58,5655.64,SCAN
692,bursty,bursty,50,400,297,UP,0.8144,0.2639,1.0,0.2149,2629,463,497,725,6690.29,5335.05,5699.21,11628.02,SSTF
693,bursty,bursty,42,150,97,DOWN,0.7057,0.6829,0.8442,0.2286,823,200,238,268,204.27,2463.59,2605.73,3493.32,SSTF
694,bursty,bursty,19,200,51,DOWN,0.7103,0.236,0.9647,0.2586,507,185,237,325,573.3,1399.9,1623.95,3046.25,SSTF
695,bursty,all_at_once,39,200,80,UP,0.8921,0.39,0.7243,0.2504,1239,279,318,391,14267.91,5699.53,6038.46,6351.42,C-SCAN
696,bursty,all_at_once,31,200,80,UP,0.7571,0.337,0.7373,0.2296,705,322,302,395,7024.63,4682.36,4644.22,5350.0,SCAN
697,bursty,continuous,27,200,194,UP,0.8175,0.2903,0.851,0.2953,932,194,204,389,3850.44,2930.65,2980.32,2360.78,C-SCAN
698,bursty,bursty,41,150,33,DOWN,0.8379,0.5694,0.8831,0.2074,930,253,176,292,334.67,2766.5,3296.56,6466.27,SCAN
699,bursty,all_at_once,37,300,196,UP,0.8428,0.2624,1.0,0.2838,2044,366,402,517,22167.83,6110.8,6524.74,7208.3,SSTF
700,bursty,random,22,250,243,UP,0.8576,0.1897,0.8753,0.2149,1120,234,246,495,1994.78,2449.68,2582.74,2890.04,FCFS
701,bursty,sequential,43,200,4,UP,0.8012,0.4624,0.6659,0.2369,1190,195,195,195,2939.37,4769.49,4769.49,4769.49,FCFS
702,bursty,bursty,32,250,33,UP,0.6929,0.3184,0.6954,0.3156,825,216,216,216,1090.96,1347.26,1347.26,1347.26,FCFS
703,bursty,all_at_once,47,250,42,UP,0.8344,0.379,0.7049,0.2314,1593,287,454,497,20866.7,7858.41,9624.04,10193.85,SSTF
704,bursty,bursty,28,300,266,DOWN,0.8602,0.1905,0.6609,0.3799,1367,553,565,577,1399.43,2354.6,2358.51,2398.98,FCFS
705,bursty,random,18,250,230,DOWN,0.664,0.18,0.8203,0.3461,655,230,230,230,744.9,1175.21,1175.21,1175.21,FCFS
706,bursty,sequential,22,200,103,UP,0.84,0.2256,0.9695,0.2549,636,290,290,319,966.72,2257.71,2257.71,1778.21,C-SCAN
707,bursty,continuous,18,200,187,UP,0.5618,0.2748,0.7152,0.2615,426,170,194,358,1252.66,1169.05,1224.22,1179.71,SSTF
708,bursty,bursty,20,150,93,UP,0.6736,0.339,0.8081,0.2219,283,202,197,287,102.89,463.01,1637.88,2302.37,SSTF
709,bursty,continuous,26,400,319,UP,0.6196,0.1812,0.9158,0.1959,1527,319,479,765,8038.08,2717.82,3002.69,3491.82,SSTF
710,bursty,bursty,16,150,12,UP,0.7108,0.2667,0.6897,0.4737,380,122,277,295,182.73,1892.38,1626.63,1625.03,FCFS
711,bursty,bursty,34,150,140,DOWN,0.8577,0.4564,0.7613,0.2072,804,159,289,298,149.46,810.72,4895.38,4659.62,SSTF
712,bursty,random,19,200,177,UP,0.7488,0.2289,0.9874,0.1893,536,177,221,386,884.96,1347.73,1449.77,2499.66,SSTF
713,bursty,bursty,16,400,138,UP,0.6343,0.1067,0.6846,0.2706,853,464,656,680,1119.71,3302.97,4655.52,4901.86,FCFS
714,bursty,all_at_once,42,400,60,DOWN,0.8644,0.2105,0.6834,0.2991,2023,458,458,743,23907.56,7855.03,7855.03,9965.68,SSTF
715,bursty,random,41,200,155,UP,0.7705,0.4659,0.7322,0.2275,997,195,243,371,3033.78,3414.24,3785.09,2842.27,C-SCAN
716,bursty,random,22,250,180,DOWN,0.843,0.1833,0.8841,0.1949,743,306,427,447,1200.42,1316.79,3463.19,3952.6,SSTF
717,bursty,bursty,12,400,254,UP,0.6866,0.0792,0.6318,0.2602,832,386,508,708,910.18,1999.71,2671.86,4560.35,SSTF
718,bursty,all_at_once,25,150,3,UP,0.7783,0.3759,0.6771,0.3236,477,146,146,146,3840.23,2161.63,2161.63,2161.63,C-SCAN
719,bursty,all_at_once,41,200,23,UP,0.7596,0.453,0.7785,0.2285,1072,193,365,396,12588.29,5345.56,6330.81,6540.65,SSTF
720,bursty,bursty,24,300,151,DOWN,0.8264,0.1655,0.8288,0.2682,1148,498,450,589,319.89,1050.62,1093.08,2451.86,SCAN
721,bursty,random,16,200,10,DOWN,0.5064,0.2857,0.8404,0.2607,516,142,162,367,404.12,1033.23,1130.57,674.13,C-SCAN
722,bursty,all_at_once,30,300,59,UP,0.8271,0.2098,0.7395,0.2134,1298,337,532,597,12144.33,4287.73,5179.81,5862.32,SSTF
723,bursty,bursty,18,200,84,DOWN,0.7986,0.213,0.9162,0.3998,620,252,252,330,427.75,1974.34,1974.34,2028.46,FCFS
724,bursty,sequential,27,150,95,DOWN,0.6963,0.4576,0.7531,0.2562,545,143,212,298,920.87,1934.33,2450.99,3275.29,SSTF
725,bursty,bursty,35,300,233,DOWN,0.8482,0.2422,0.8117,0.2785,1506,513,529,550,388.53,5795.51,5980.13,6011.44,FCFS
726,bursty,sequential,40,300,85,UP,0.8198,0.2759,0.8523,0.2825,1357,517,513,591,4962.91,2662.1,2894.07,3042.27,C-SCAN
727,bursty,continuous,13,200,26,DOWN,0.6674,0.1733,0.6208,0.3275,480,191,175,396,1223.94,855.97,870.51,1574.95,SCAN
728,bursty,random,46,300,92,DOWN,0.8144,0.3345,0.6482,0.2623,2163,351,381,565,9846.73,8779.02,9208.67,5436.53,C-SCAN
729,bursty,all_at_once,11,200,123,DOWN,0.3437,0.2895,0.6542,0.2519,189,97,97,97,691.18,490.45,490.45,490.45,SSTF
730,bursty,random,38,150,16,DOWN,0.8414,0.5135,0.6656,0.2303,758,161,165,276,1129.16,3322.4,3386.05,5710.79,SSTF
731,bursty,random,43,400,370,UP,0.8257,0.2222,0.9133,0.2582,1735,415,415,682,7260.17,1938.75,1938.75,10517.61,SSTF
732,bursty,sequential,43,400,48,DOWN,0.7338,0.2598,0.8039,0.2675,2496,342,414,790,13737.8,5898.51,6572.16,7685.93,C-SCAN
733,bursty,all_at_once,32,300,76,UP,0.8273,0.2215,0.9036,0.1975,1243,353,511,595,11595.4,4695.77,5638.11,6636.66,SSTF
734,bursty,sequential,20,400,240,DOWN,0.7518,0.1136,0.7037,0.3957,927,498,627,772,2390.11,3772.05,2033.61,4768.24,SCAN
735,bursty,random,41,250,61,DOWN,0.8215,0.3445,0.799,0.2265,1470,320,298,496,5154.14,5386.43,5021.21,8057.28,SCAN
736,bursty,bursty,42,200,140,DOWN,0.8943,0.42,0.8662,0.2451,1218,365,339,393,956.06,4447.68,3847.12,3158.82,FCFS
737,bursty,all_at_once,15,300,227,DOWN,0.7016,0.1327,0.9759,0.3813,653,286,495,597,2861.85,1748.45,2734.94,3492.2,SSTF
738,bursty,all_at_once,38,250,30,DOWN,0.7367,0.3393,0.8979,0.2335,1079,231,279,496,12675.35,4814.42,4844.43,5037.25,C-SCAN
739,bursty,all_at_once,35,300,18,UP,0.8497,0.2431,0.7469,0.2885,1449,355,570,596,13937.0,5720.82,6131.11,6263.49,C-SCAN
740,bursty,bursty,49,250,227,UP,0.7553,0.4414,0.5822,0.2628,1651,230,258,497,1564.68,7823.61,8166.53,5164.3,FCFS
741,bursty,random,33,150,57,DOWN,0.6077,0.6055,0.6483,0.2688,581,125,205,287,769.46,3194.86,3788.76,2272.23,C-SCAN
742,bursty,bursty,49,400,242,DOWN,0.8291,0.2487,0.7164,0.2639,2363,544,635,761,7932.75,11395.64,9892.82,10548.57,FCFS
743,bursty,random,16,200,0,DOWN,0.8509,0.1749,0.8011,0.2271,691,182,182,398,983.83,749.94,749.94,1793.46,SSTF
744,bursty,all_at_once,28,400,267,DOWN,0.7333,0.156,0.6996,0.2155,1344,625,625,711,11387.86,4674.29,4674.29,5088.66,C-SCAN
745,bursty,all_at_once,20,300,71,DOWN,0.7136,0.1695,0.8167,0.2472,862,300,312,530,4635.93,2278.24,2392.06,3884.71,SSTF
746,bursty,bursty,49,200,48,UP,0.8303,0.5078,0.8394,0.2542,1269,233,343,380,369.97,6439.63,6152.76,5569.2,FCFS
747,bursty,all_at_once,39,200,183,DOWN,0.7899,0.4309,0.7495,0.2305,1046,191,377,396,11780.52,5158.73,5908.69,6037.89,SSTF
748,bursty,bursty,36,150,31,DOWN,0.7342,0.5669,0.6736,0.2188,675,225,161,288,473.91,4863.23,2948.03,3621.95,FCFS
749,bursty,all_at_once,47,400,68,DOWN,0.8292,0.238,0.6591,0.2469,2470,725,467,795,31048.6,10214.96,8840.55,10347.61,SCAN
750,bursty,continuous,13,400,221,DOWN,0.702,0.0813,0.5789,0.4012,771,438,561,791,2018.34,2149.74,1859.68,4127.06,SSTF
751,bursty,all_at_once,47,200,187,UP,0.8288,0.4921,0.7229,0.2188,1606,195,211,397,22180.36,6994.27,6997.11,7158.49,C-SCAN
752,bursty,bursty,48,400,164,DOWN,0.8222,0.24,0.6894,0.2626,2180,634,563,776,3480.24,5126.04,6962.62,15120.94,SSTF
753,bursty,random,25,250,101,DOWN,0.6104,0.2825,0.8553,0.3316,485,265,289,448,844.49,857.6,963.14,2376.39,SSTF
754,bursty,continuous,18,200,105,DOWN,0.727,0.2182,0.5393,0.2475,512,257,299,397,1762.18,1508.93,1751.24,2440.06,SSTF
755,bursty,continuous,45,200,51,UP,0.8806,0.45,0.9771,0.259,1360,272,347,396,11316.15,7119.99,5878.94,6359.86,C-SCAN
756,bursty,sequential,28,250,235,UP,0.823,0.2383,0.8549,0.3517,941,245,251,495,2007.26,3199.92,3269.55,4267.94,FCFS
757,bursty,random,44,250,181,UP,0.7844,0.3894,0.648,0.2271,1558,395,296,497,4312.83,5848.8,4567.43,8212.72,SCAN
758,bursty,continuous,40,400,292,DOWN,0.7675,0.2254,0.8345,0.2469,2084,608,684,728,18166.61,7447.08,8198.97,8888.98,SSTF
759,bursty,all_at_once,37,150,133,UP,0.7562,0.5564,0.532,0.2456,887,133,165,297,8621.12,4134.57,4134.57,4134.57,C-SCAN
760,bursty,random,19,150,14,UP,0.8741,0.2695,0.7795,0.2752,555,152,278,297,723.92,1161.32,1421.46,1338.97,SSTF
761,bursty,sequential,20,250,174,DOWN,0.837,0.1717,0.6187,0.2399,678,420,416,492,1414.55,2312.81,2923.66,3594.51,SSTF
762,bursty,random,28,200,192,UP,0.8376,0.28,0.7251,0.246,992,212,206,396,2314.8,2047.56,2026.99,2933.99,SCAN
763,bursty,continuous,16,400,345,UP,0.516,0.141,0.6585,0.4041,784,234,330,796,2025.08,1888.63,2006.8,2142.4,SSTF
764,bursty,all_at_once,25,400,356,DOWN,0.6721,0.1618,0.7066,0.2662,1492,310,714,798,11217.7,3076.34,3914.81,4222.76,SSTF
765,bursty,all_at_once,34,300,160,UP,0.6731,0.2906,0.7561,0.2898,1047,417,393,583,10633.14,5964.61,5864.71,7716.12,SCAN
766,bursty,sequential,26,200,158,DOWN,0.8098,0.2826,1.0,0.23,677,270,353,398,1596.62,2694.04,1571.63,1776.58,C-SCAN
767,bursty,sequential,33,400,279,UP,0.7342,0.193,0.9021,0.2647,1360,595,494,777,4994.36,3701.89,5667.11,7510.16,SCAN
768,bursty,sequential,38,200,174,UP,0.8055,0.4,0.6325,0.2189,1204,208,220,388,3067.17,4531.61,4664.62,4090.24,C-SCAN
769,bursty,bursty,42,150,96,UP,0.7491,0.6131,0.6041,0.2997,646,195,189,297,120.11,4786.49,4953.26,6408.57,FCFS
770,bursty,continuous,45,250,33,UP,0.7682,0.3965,0.7511,0.2453,1317,255,461,490,10037.09,4997.71,7418.68,7521.4,SSTF
771,bursty,all_at_once,10,250,119,UP,0.4285,0.177,0.8633,0.1995,265,119,379,491,759.18,502.57,502.57,502.57,SSTF
772,bursty,bursty,30,400,26,DOWN,0.7909,0.16,0.9251,0.3014,1237,393,407,798,1601.27,1578.48,1745.4,4263.47,SSTF
773,bursty,continuous,45,250,18,DOWN,0.8251,0.3629,0.7227,0.2054,1343,263,267,458,9685.26,7252.54,7284.08,6899.43,C-SCAN
774,bursty,bursty,21,400,34,UP,0.4767,0.1892,0.6755,0.3104,701,257,257,257,226.72,1464.39,1464.39,1464.39,FCFS
775,bursty,sequential,44,300,47,DOWN,0.7902,0.3121,0.866,0.2738,1378,324,332,598,5325.28,2709.53,2760.05,10015.48,SSTF
776,bursty,sequential,31,250,92,DOWN,0.7976,0.2707,0.6671,0.2797,935,370,326,491,2609.28,4958.56,2645.95,2759.03,C-SCAN
777,bursty,all_at_once,49,400,243,UP,0.8783,0.245,0.664,0.1862,2940,631,555,794,39314.29,11673.35,10537.96,13669.54,SCAN
778,bursty,all_at_once,32,300,123,UP,0.8524,0.2207,0.8433,0.3598,1142,465,465,515,10000.23,5589.42,5589.42,6079.42,C-SCAN
779,bursty,random,30,300,58,DOWN,0.8241,0.2041,0.7608,0.3223,1283,379,357,593,3192.21,3436.88,3303.56,2660.74,C-SCAN
780,bursty,continuous,28,150,132,DOWN,0.8287,0.4,0.6832,0.255,754,153,278,291,3616.47,2907.61,2894.16,2995.6,C-SCAN
781,bursty,sequential,38,300,22,DOWN,0.855,0.2676,1.0,0.2342,1675,302,318,596,6694.78,3590.89,3867.41,4283.72,SSTF
782,bursty,continuous,42,150,24,UP,0.8169,0.5753,0.7123,0.2211,941,268,274,297,6783.75,5153.32,5098.86,5092.94,C-SCAN
783,bursty,bursty,10,150,53,UP,0.388,0.3279,0.9217,0.2265,155,75,75,75,92.69,163.38,163.38,163.38,FCFS
784,bursty,all_at_once,23,400,359,DOWN,0.9031,0.115,0.7738,0.226,1138,439,758,798,8122.19,3812.49,5738.42,6179.26,SSTF
785,bursty,all_at_once,19,150,117,DOWN,0.8851,0.2533,0.7657,0.3395,402,199,266,272,2484.14,1487.01,2048.36,2055.22,SSTF
786,bursty,continuous,14,150,45,DOWN,0.8489,0.2029,0.9154,0.3316,474,173,191,227,1380.91,1057.55,1174.19,1626.01,SSTF
787,bursty,bursty,46,200,66,DOWN,0.8591,0.46,0.8643,0.2306,1586,265,265,364,2703.54,4716.38,4716.38,6779.55,SSTF
788,bursty,all_at_once,50,300,221,DOWN,0.7295,0.3802,0.8913,0.2067,1635,303,483,589,23045.51,8359.47,10602.56,11870.59,SSTF
789,bursty,continuous,17,400,3,UP,0.6139,0.1241,0.7847,0.2612,837,323,323,323,1970.32,1879.2,1879.2,1879.2,SSTF
790,bursty,random,14,250,237,UP,0.6878,0.1407,0.6566,0.3564,468,198,222,496,543.94,558.64,615.86,2405.71,SSTF
791,bursty,bursty,29,400,44,DOWN,0.8539,0.1543,0.7754,0.2477,1997,419,419,737,2502.2,4853.08,4853.08,7259.21,SSTF
792,bursty,continuous,35,150,121,UP,0.8284,0.4861,0.795,0.2189,582,168,174,286,4175.15,4150.26,4225.33,5197.24,SSTF
793,bursty,sequential,18,300,279,DOWN,0.5553,0.1978,0.9835,0.2494,787,231,231,231,1414.41,871.87,871.87,871.87,SSTF
794,bursty,all_at_once,33,150,141,UP,0.8384,0.4783,0.7512,0.2396,897,141,149,297,7704.68,3641.57,3690.62,4161.99,C-SCAN
795,bursty,continuous,10,400,305,DOWN,0.6622,0.0678,0.625,0.754,390,322,638,794,867.89,830.71,3045.77,4438.83,SSTF
796,bursty,sequential,15,250,53,DOWN,0.7207,0.15,0.9156,0.177,443,290,252,489,501.7,478.95,742.11,3228.73,SCAN
797,bursty,sequential,42,200,41,UP,0.8203,0.4375,0.7419,0.2398,1177,250,349,374,3067.9,5417.67,6289.99,6454.8,FCFS
798,bursty,continuous,26,200,29,UP,0.7266,0.3095,0.8246,0.2244,552,179,352,397,2636.18,2302.86,3479.09,3896.89,SSTF
799,bursty,random,45,300,281,UP,0.7867,0.3273,0.8183,0.2732,1561,281,317,591,5119.75,5130.28,5381.67,7285.04,SSTF
800,bursty,continuous,14,250,25,UP,0.4336,0.2314,0.5671,0.2972,377,129,457,495,966.52,861.89,2405.21,2654.22,SSTF
