sample_id,pattern,count,disk_size,initial_head,direction,spread,density,clustering,direction_bias,fcfs_dist,sstf_dist,scan_dist,cscan_dist,best_algorithm
1,random,52,150,6,DOWN,0.8422,0.6933,0.4101,0.2997,2817,292,155,294,SCAN
2,random,26,200,188,UP,0.81,0.2626,0.3661,0.2314,1540,384,209,389,SCAN
3,random,46,150,108,UP,0.7769,0.6525,0.3921,0.2129,2291,194,186,297,SCAN
4,random,17,200,59,UP,0.7375,0.1965,0.4075,0.2612,1331,215,323,394,SSTF
5,random,24,500,332,DOWN,0.8553,0.0966,0.3353,0.264,5169,660,828,987,SSTF
6,random,40,400,142,UP,0.8045,0.2089,0.299,0.2245,5344,623,655,775,SSTF
7,random,22,500,216,DOWN,0.7753,0.0978,0.3515,0.2112,2862,707,690,965,SCAN
8,random,21,200,195,DOWN,0.7793,0.2234,0.3547,0.2209,1541,191,191,191,SSTF
9,random,17,300,49,DOWN,0.6864,0.1382,0.4929,0.308,1577,281,307,528,SSTF
10,random,50,250,206,UP,0.7904,0.4167,0.3926,0.2174,4215,438,285,492,SCAN
11,random,41,400,63,DOWN,0.8518,0.206,0.3308,0.2214,5981,737,462,789,SCAN
12,random,47,250,212,DOWN,0.7859,0.3852,0.3782,0.2153,3284,457,455,497,SCAN
13,random,24,500,35,UP,0.7997,0.1002,0.3564,0.2582,3021,922,962,964,SSTF
14,random,26,250,20,UP,0.773,0.2158,0.3498,0.2206,1901,258,472,484,SSTF
15,random,36,250,116,DOWN,0.8271,0.2927,0.494,0.2501,3217,374,361,494,SCAN
16,random,35,250,53,DOWN,0.8219,0.2905,0.3523,0.2547,3077,288,298,488,SSTF
17,random,55,500,36,UP,0.8307,0.2218,0.4022,0.2222,10256,554,959,979,SSTF
18,random,27,200,118,DOWN,0.728,0.3086,0.368,0.2309,1531,255,313,394,SSTF
19,random,52,500,285,UP,0.8125,0.2127,0.4242,0.2447,8544,763,703,993,SCAN
20,random,32,150,58,UP,0.8046,0.4539,0.422,0.2316,1815,197,239,293,SSTF
21,random,37,250,16,UP,0.7792,0.319,0.3736,0.2177,3258,231,231,231,SSTF
22,random,32,200,167,DOWN,0.82,0.3386,0.3896,0.22,2458,211,357,395,SSTF
23,random,53,300,73,DOWN,0.8368,0.3569,0.4593,0.2135,5189,367,371,598,SSTF
24,random,27,500,287,DOWN,0.8204,0.1095,0.3428,0.23,4652,837,781,992,SCAN
25,random,49,300,298,DOWN,0.7797,0.3475,0.3131,0.2202,4242,291,291,291,SSTF
26,random,26,200,130,DOWN,0.8255,0.2667,0.3225,0.2285,1641,261,327,394,SSTF
27,random,15,150,39,UP,0.7504,0.2362,0.6432,0.2035,529,172,256,296,SSTF
28,random,39,400,32,DOWN,0.8485,0.196,0.4705,0.2384,5810,427,431,790,SSTF
29,random,50,300,270,DOWN,0.8034,0.3436,0.4825,0.2225,4607,559,561,577,SSTF
30,random,12,500,369,UP,0.6831,0.0593,0.2444,0.2302,1890,707,535,961,SCAN
31,random,46,250,196,DOWN,0.807,0.377,0.364,0.2182,3582,291,440,495,SSTF
32,random,30,300,80,DOWN,0.7411,0.219,0.3109,0.294,2300,345,367,595,SSTF
33,random,28,400,390,UP,0.7464,0.1595,0.3598,0.2389,3048,369,387,779,SSTF
34,random,18,500,152,UP,0.7334,0.0813,0.3052,0.284,2807,615,837,971,SSTF
35,random,35,200,138,UP,0.8033,0.3704,0.4559,0.2671,2188,243,255,380,SSTF
36,random,32,300,9,UP,0.7497,0.2388,0.3186,0.2464,2722,282,282,282,SSTF
37,random,31,200,14,UP,0.8149,0.3212,0.2793,0.2645,2158,373,381,387,SSTF
38,random,17,150,124,UP,0.77,0.2446,0.3911,0.2728,764,156,170,270,SSTF
39,random,46,200,32,DOWN,0.7859,0.4842,0.4276,0.2266,2925,347,222,398,SCAN
40,random,22,250,135,DOWN,0.709,0.2095,0.3982,0.2657,1522,340,348,498,SSTF
41,random,46,500,353,UP,0.7943,0.1913,0.3731,0.2046,7133,826,638,979,SCAN
42,random,31,300,191,DOWN,0.7847,0.2214,0.2968,0.2406,2872,470,484,597,SSTF
43,random,40,150,63,UP,0.815,0.5333,0.2723,0.2163,1879,235,235,294,SSTF
44,random,33,150,141,UP,0.8334,0.4521,0.3706,0.2225,1710,152,154,293,SSTF
45,random,26,150,18,UP,0.8169,0.3636,0.3039,0.241,1651,160,280,296,SSTF
46,random,16,150,84,UP,0.8286,0.2148,0.4976,0.244,888,217,213,296,SCAN
47,random,27,250,171,DOWN,0.8401,0.2259,0.2821,0.2663,2768,320,418,483,SSTF
48,random,46,200,185,DOWN,0.7963,0.4742,0.5,0.2166,2657,375,381,392,SSTF
49,random,42,300,97,UP,0.7799,0.3,0.4153,0.2086,3793,467,495,584,SSTF
50,random,54,300,181,DOWN,0.8294,0.3649,0.3591,0.2175,5428,415,478,597,SSTF
51,random,41,500,27,UP,0.8028,0.1723,0.4,0.2363,6416,492,961,981,SSTF
52,random,37,500,173,UP,0.8191,0.1523,0.4567,0.2022,7344,809,813,946,SSTF
53,random,24,200,137,DOWN,0.7556,0.2581,0.3057,0.233,1532,238,327,397,SSTF
54,random,39,200,71,DOWN,0.774,0.4194,0.2565,0.2062,2349,301,258,398,SCAN
55,random,16,300,281,UP,0.7111,0.1255,0.2868,0.2643,1592,260,296,592,SSTF
56,random,53,400,7,UP,0.826,0.2782,0.4033,0.235,7596,392,392,392,SSTF
57,random,27,200,104,DOWN,0.8127,0.2812,0.4977,0.2629,1775,329,300,387,SCAN
58,random,25,300,30,UP,0.8066,0.1754,0.2907,0.2193,2395,542,564,589,SSTF
59,random,12,300,135,DOWN,0.8609,0.0825,0.3652,0.2906,1717,448,428,571,SCAN
60,random,39,500,490,DOWN,0.8287,0.1595,0.3568,0.2344,7343,489,489,489,SSTF
61,random,24,250,55,UP,0.7551,0.2115,0.4644,0.2425,1867,269,431,483,SSTF
62,random,46,150,80,UP,0.7591,0.6715,0.3675,0.2331,2105,204,206,296,SSTF
63,random,49,300,257,UP,0.8034,0.3322,0.4248,0.2332,4355,546,336,589,SCAN
64,random,44,150,47,UP,0.8382,0.5946,0.4063,0.2068,2200,255,249,297,SCAN
65,random,16,500,441,UP,0.842,0.0648,0.3661,0.2476,2990,549,553,968,SSTF
66,random,19,400,126,UP,0.859,0.0964,0.3229,0.2799,3092,662,670,759,SSTF
67,random,17,300,298,DOWN,0.7617,0.1318,0.5022,0.2051,1745,273,273,273,SSTF
68,random,25,500,366,DOWN,0.7965,0.1018,0.3084,0.2823,3057,620,862,984,SSTF
69,random,28,300,67,DOWN,0.7289,0.2231,0.3345,0.2174,3016,287,347,591,SSTF
70,random,32,150,2,DOWN,0.7848,0.4706,0.4356,0.2078,1815,137,137,295,SSTF
71,random,48,150,18,UP,0.7914,0.6486,0.4292,0.2118,1998,163,278,297,SSTF
72,random,28,200,89,UP,0.8087,0.2979,0.3669,0.2373,2109,270,303,392,SSTF
73,random,35,250,40,DOWN,0.7987,0.2929,0.3932,0.2102,2526,454,282,497,SCAN
74,random,31,400,334,UP,0.8164,0.1574,0.5189,0.2499,4848,457,459,769,SSTF
75,random,47,250,238,UP,0.804,0.3821,0.3903,0.2087,3927,252,260,490,SSTF
76,random,28,150,27,UP,0.7589,0.4179,0.3402,0.231,1644,254,256,286,SSTF
77,random,30,400,107,DOWN,0.8184,0.1622,0.4278,0.2123,4806,646,491,785,SCAN
78,random,55,500,436,DOWN,0.8206,0.2268,0.357,0.2083,8867,939,927,997,SCAN
79,random,43,250,231,UP,0.8021,0.3644,0.4195,0.2716,3661,240,266,494,SSTF
80,random,52,300,141,UP,0.8015,0.3586,0.309,0.2262,4897,438,456,581,SSTF
81,random,33,200,163,DOWN,0.7551,0.3667,0.3584,0.2393,2363,212,343,392,SSTF
82,random,40,400,361,DOWN,0.8275,0.2036,0.3469,0.2128,5896,424,754,796,SSTF
83,random,12,150,19,UP,0.7062,0.2017,0.3534,0.4001,629,160,268,292,SSTF
84,random,14,250,149,UP,0.7857,0.1197,0.226,0.273,1174,328,338,481,SSTF
85,random,20,150,78,DOWN,0.8348,0.2778,0.435,0.2247,1231,213,226,287,SSTF
86,random,34,200,174,UP,0.8124,0.3579,0.3982,0.2426,2868,206,222,392,SSTF
87,random,18,250,199,DOWN,0.6565,0.1827,0.4,0.2515,1262,359,439,497,SSTF
88,random,21,200,41,UP,0.7677,0.2283,0.3204,0.2417,1049,331,351,375,SSTF
89,random,13,200,188,DOWN,0.7206,0.1486,0.4277,0.248,947,194,386,388,SSTF
90,random,54,500,415,UP,0.6992,0.2559,0.2669,0.2193,8335,478,532,984,SSTF
91,random,22,500,55,DOWN,0.7191,0.1035,0.4157,0.2731,3554,468,494,996,SSTF
92,random,42,200,51,DOWN,0.7034,0.4941,0.4217,0.2198,2491,217,223,388,SSTF
93,random,31,200,57,UP,0.7665,0.3543,0.5028,0.241,1963,209,319,394,SSTF
94,random,24,300,168,DOWN,0.7849,0.1708,0.2769,0.226,2233,429,467,580,SSTF
95,random,29,250,164,DOWN,0.8059,0.2387,0.3894,0.2207,2585,324,410,498,SSTF
96,random,46,250,240,UP,0.8018,0.3882,0.3052,0.2137,3615,238,252,495,SSTF
97,random,28,200,148,DOWN,0.7873,0.3011,0.2751,0.2411,2114,333,333,390,SSTF
98,random,18,400,222,DOWN,0.7421,0.1032,0.2898,0.2571,2431,496,584,786,SSTF
99,random,32,300,261,UP,0.8089,0.2254,0.341,0.2584,3351,319,331,597,SSTF
100,random,48,200,65,UP,0.8237,0.4824,0.4479,0.22,3538,275,333,391,SSTF
101,random,39,150,133,UP,0.7922,0.5417,0.3702,0.2399,1990,158,160,293,SSTF
102,random,39,150,84,DOWN,0.8187,0.5306,0.4647,0.2312,2087,230,230,295,SSTF
103,random,19,500,460,DOWN,0.6857,0.0927,0.374,0.2725,2458,795,957,991,SSTF
104,random,31,500,209,DOWN,0.8058,0.1292,0.439,0.2285,5203,767,700,995,SCAN
105,random,30,400,65,UP,0.8091,0.1587,0.341,0.2414,4299,702,720,779,SSTF
106,random,54,300,89,DOWN,0.8297,0.3636,0.3627,0.2183,5517,383,387,589,SSTF
107,random,47,150,77,DOWN,0.8302,0.6309,0.3948,0.2471,2177,225,225,293,SSTF
108,random,39,400,310,DOWN,0.7996,0.2026,0.3898,0.2067,4983,467,703,793,SSTF
109,random,40,300,109,DOWN,0.8067,0.2703,0.3353,0.2433,3683,481,404,596,SCAN
110,random,22,500,43,DOWN,0.8579,0.0894,0.3066,0.2841,4330,534,534,973,SSTF
111,random,54,500,317,DOWN,0.7972,0.2231,0.3925,0.2197,8109,658,809,993,SSTF
112,random,27,500,158,UP,0.7584,0.1205,0.3866,0.2687,4840,739,837,974,SSTF
113,random,21,150,11,UP,0.715,0.3333,0.3218,0.2832,998,127,127,127,SSTF
114,random,51,150,116,DOWN,0.8138,0.6939,0.4869,0.2115,2514,278,264,296,SCAN
115,random,48,200,183,DOWN,0.8395,0.4824,0.3937,0.2243,2780,241,381,398,SSTF
116,random,37,200,37,UP,0.8594,0.37,0.4176,0.2,3002,361,361,388,SSTF
117,random,18,300,112,UP,0.8236,0.1263,0.3355,0.2505,2183,470,472,567,SSTF
118,random,45,300,25,UP,0.8244,0.3082,0.4335,0.2471,4880,308,565,596,SSTF
119,random,41,200,118,DOWN,0.7791,0.4385,0.4451,0.2099,2368,301,307,395,SSTF
120,random,40,400,368,DOWN,0.7684,0.2133,0.3437,0.2312,5388,381,743,796,SSTF
121,random,40,200,190,DOWN,0.8381,0.402,0.3359,0.2284,2893,392,388,397,SCAN
122,random,28,200,163,DOWN,0.7848,0.2995,0.2651,0.2106,2143,212,352,395,SSTF
123,random,43,500,122,DOWN,0.8321,0.1773,0.3907,0.2016,7363,848,608,998,SCAN
124,random,16,500,146,UP,0.7284,0.0732,0.439,0.2258,1896,786,792,934,SSTF
125,random,33,250,228,UP,0.7418,0.3041,0.3531,0.2507,2243,243,245,496,SSTF
126,random,21,200,98,UP,0.7813,0.227,0.3403,0.2051,1676,308,298,387,SCAN
127,random,25,150,106,DOWN,0.7805,0.3401,0.3862,0.2317,1083,249,255,290,SSTF
128,random,46,300,212,UP,0.7736,0.3274,0.3542,0.2285,4888,474,368,595,SCAN
129,random,38,300,299,UP,0.7952,0.2676,0.3983,0.2308,3198,298,298,583,SSTF
130,random,36,300,3,DOWN,0.7844,0.2483,0.3764,0.2496,3574,295,301,592,SSTF
131,random,36,300,275,UP,0.7772,0.2483,0.4039,0.2234,3102,315,313,597,SCAN
132,random,26,250,111,DOWN,0.8204,0.2167,0.436,0.242,2156,362,354,495,SCAN
133,random,36,250,171,DOWN,0.8461,0.2927,0.3538,0.2481,3577,413,419,485,SSTF
134,random,22,300,65,UP,0.7331,0.163,0.4174,0.2492,2173,309,508,574,SSTF
135,random,49,400,339,UP,0.8108,0.2579,0.274,0.2112,5979,704,445,794,SCAN
136,random,53,300,69,DOWN,0.7214,0.3941,0.4037,0.2173,4273,470,340,592,SCAN
137,random,15,250,97,DOWN,0.7984,0.1277,0.3266,0.2113,1648,326,336,459,SSTF
138,random,41,250,86,DOWN,0.8387,0.3388,0.4721,0.2147,3595,419,330,486,SCAN
139,random,38,250,213,UP,0.8314,0.3052,0.4626,0.2059,3693,284,284,494,SSTF
140,random,13,500,276,UP,0.7679,0.0568,0.3364,0.2827,2144,694,683,958,SCAN
141,random,26,500,35,UP,0.7147,0.1187,0.3889,0.2432,3493,459,459,459,SSTF
142,random,13,200,51,UP,0.7685,0.1376,0.291,0.2696,954,335,337,357,SSTF
143,random,21,200,32,DOWN,0.8253,0.2132,0.3691,0.2298,1180,371,229,397,SCAN
144,random,19,400,111,DOWN,0.7887,0.103,0.3267,0.2167,2377,630,484,784,SCAN
145,random,28,250,42,UP,0.8215,0.2267,0.4089,0.2251,1990,299,453,490,SSTF
146,random,31,150,148,UP,0.7711,0.446,0.4045,0.2473,1333,143,145,293,SSTF
147,random,48,500,464,DOWN,0.8462,0.1951,0.3169,0.2287,8671,521,958,995,SSTF
148,random,24,150,62,UP,0.8038,0.3221,0.409,0.218,1104,235,235,294,SSTF
149,random,31,500,307,UP,0.7252,0.1501,0.4794,0.2772,4440,589,669,980,SSTF
150,random,14,250,136,DOWN,0.7592,0.1186,0.4067,0.297,844,344,381,490,SSTF
151,random,35,150,129,DOWN,0.7754,0.5036,0.2946,0.224,1693,154,274,294,SSTF
152,random,38,300,54,DOWN,0.8198,0.2612,0.3285,0.2076,3942,340,348,583,SSTF
153,random,52,300,78,DOWN,0.8208,0.3467,0.3628,0.2141,5167,524,377,591,SCAN
154,random,45,500,138,DOWN,0.7712,0.1935,0.2935,0.2401,5722,589,617,997,SSTF
155,random,39,500,303,DOWN,0.8228,0.1608,0.3448,0.2121,6516,780,794,975,SSTF
156,random,27,150,71,DOWN,0.7055,0.4286,0.3206,0.2687,1087,187,205,293,SSTF
157,random,41,400,312,DOWN,0.8453,0.2081,0.385,0.2262,6194,478,709,787,SSTF
158,random,13,300,166,UP,0.7211,0.1024,0.3055,0.2729,1052,414,413,587,SCAN
159,random,25,250,204,DOWN,0.7522,0.237,0.3241,0.2251,2360,241,439,494,SSTF
160,random,29,400,359,DOWN,0.8288,0.1487,0.4041,0.2149,4853,445,758,779,SSTF
161,sequential,12,400,97,UP,0.0234,1.0,0.0,1.0,96,96,96,96,FCFS
162,sequential,38,300,284,UP,0.1035,1.0,0.0,1.0,68,43,61,597,SSTF
163,sequential,42,500,364,DOWN,0.0687,1.0,0.153,0.9707,80,80,730,998,FCFS
164,sequential,13,150,75,UP,0.0682,1.0,0.1633,0.9667,76,64,64,64,SSTF
165,sequential,27,250,169,DOWN,0.0876,1.0,0.0,1.0,63,63,63,63,FCFS
166,sequential,47,400,176,DOWN,0.0964,1.0,0.118,0.9826,102,102,454,742,FCFS
167,sequential,47,250,90,DOWN,0.1542,1.0,0.118,0.9826,174,128,308,416,SSTF
168,sequential,31,250,59,UP,0.1011,1.0,0.1789,0.96,56,34,406,497,SSTF
169,sequential,24,250,30,UP,0.0777,1.0,0.118,0.9826,217,194,194,194,SSTF
170,sequential,25,500,247,DOWN,0.0403,1.0,0.1633,0.9667,136,136,136,136,FCFS
171,sequential,49,400,305,DOWN,0.1005,1.0,0.0816,0.9917,193,193,193,193,FCFS
172,sequential,24,250,58,DOWN,0.0776,1.0,0.0,1.0,39,39,123,498,FCFS
173,sequential,31,150,136,UP,0.1687,1.0,0.1789,0.96,93,63,89,265,SSTF
174,sequential,14,150,141,DOWN,0.0736,1.0,0.1569,0.9692,119,106,106,106,SSTF
175,sequential,20,500,444,DOWN,0.0322,1.0,0.1298,0.9789,328,309,309,309,SSTF
176,sequential,12,400,145,DOWN,0.0236,1.0,0.1706,0.9636,130,130,420,679,FCFS
177,sequential,40,250,47,UP,0.131,1.0,0.1281,0.9795,179,179,179,179,FCFS
178,sequential,42,150,16,DOWN,0.2297,1.0,0.0,1.0,81,42,72,298,SSTF
179,sequential,16,400,322,UP,0.0317,1.0,0.1461,0.9733,300,285,439,528,SSTF
180,sequential,21,400,155,UP,0.0422,1.0,0.0,1.0,181,181,181,181,FCFS
181,sequential,19,400,391,DOWN,0.0381,1.0,0.1333,0.9778,226,208,208,208,SSTF
182,sequential,50,400,115,DOWN,0.1026,1.0,0.14,0.9755,211,211,441,636,FCFS
183,sequential,40,250,220,DOWN,0.1309,1.0,0.0906,0.9897,145,106,106,106,SSTF
184,sequential,48,400,30,UP,0.0984,1.0,0.1167,0.983,353,353,353,353,FCFS
185,sequential,25,500,108,DOWN,0.0402,1.0,0.1633,0.9667,215,215,431,807,FCFS
186,sequential,17,200,61,UP,0.0678,1.0,0.0,1.0,113,113,113,113,FCFS
187,sequential,16,200,0,DOWN,0.0634,1.0,0.1461,0.9733,136,136,136,277,FCFS
188,sequential,50,300,149,UP,0.1366,1.0,0.1616,0.9673,68,68,368,579,FCFS
189,sequential,30,500,144,DOWN,0.0488,1.0,0.1486,0.9724,229,200,488,827,SSTF
190,sequential,55,200,67,UP,0.2264,1.0,0.077,0.9926,111,111,111,111,FCFS
191,sequential,19,400,115,UP,0.0397,1.0,0.1533,0.9778,64,64,632,753,FCFS
192,sequential,21,150,15,UP,0.1129,1.0,0.1789,0.96,67,47,47,47,SSTF
193,sequential,50,500,422,DOWN,0.0819,1.0,0.1143,0.9837,111,62,62,62,SSTF
194,sequential,19,300,155,DOWN,0.0507,1.0,0.2309,0.9333,145,127,437,489,SSTF
195,sequential,44,400,252,DOWN,0.0902,1.0,0.1494,0.9721,249,206,206,206,SSTF
196,sequential,50,150,110,DOWN,0.2747,1.0,0.1616,0.9673,150,101,101,101,SSTF
197,sequential,28,150,23,UP,0.1519,1.0,0.1089,0.9852,87,87,87,87,FCFS
198,sequential,48,400,10,DOWN,0.0984,1.0,0.1167,0.983,366,366,386,479,FCFS
199,sequential,14,200,120,DOWN,0.0552,1.0,0.2219,0.9385,117,104,104,104,SSTF
200,sequential,23,400,223,DOWN,0.0465,1.0,0.1706,0.9636,27,27,473,793,FCFS
201,sequential,42,250,104,DOWN,0.14,1.0,0.1611,0.9707,73,73,219,498,FCFS
202,sequential,54,150,41,DOWN,0.2966,1.0,0.1099,0.9849,65,65,147,286,FCFS
203,sequential,43,250,169,DOWN,0.1409,1.0,0.0,1.0,74,74,348,498,FCFS
204,sequential,47,150,116,UP,0.2532,1.0,0.1345,0.9739,145,100,166,243,SSTF
205,sequential,28,250,29,DOWN,0.0908,1.0,0.1089,0.9852,165,165,223,360,FCFS
206,sequential,12,500,445,DOWN,0.0202,1.0,0.1054,1.0,155,155,155,155,FCFS
207,sequential,15,200,132,DOWN,0.0595,1.0,0.0,1.0,80,66,66,66,SSTF
208,sequential,43,500,226,UP,0.0703,1.0,0.1234,0.981,257,257,257,257,FCFS
209,sequential,29,400,67,DOWN,0.0588,1.0,0.1512,0.9714,171,171,305,655,FCFS
210,sequential,43,150,7,UP,0.2352,1.0,0.0873,0.9905,85,43,43,43,SSTF
211,sequential,22,250,141,UP,0.0736,1.0,0.0813,1.0,69,69,69,69,FCFS
212,sequential,38,150,57,UP,0.2076,1.0,0.093,0.9892,61,61,197,297,FCFS
213,sequential,19,500,426,UP,0.0303,1.0,0.1333,0.9778,140,140,286,876,FCFS
214,sequential,30,400,361,DOWN,0.0609,1.0,0.1486,0.9724,46,46,46,46,FCFS
215,sequential,42,300,124,DOWN,0.1146,1.0,0.0,1.0,117,76,76,76,SSTF
216,sequential,21,300,97,UP,0.0562,1.0,0.2191,0.94,65,45,45,45,SSTF
217,sequential,29,300,174,DOWN,0.0765,1.0,0.135,0.9714,71,44,392,581,SSTF
218,sequential,30,500,152,DOWN,0.0487,1.0,0.1486,0.9724,170,170,474,857,FCFS
219,sequential,40,400,247,DOWN,0.0818,1.0,0.1281,0.9795,162,123,123,123,SSTF
220,sequential,47,400,193,DOWN,0.0963,1.0,0.0834,0.9913,200,154,540,690,SSTF
221,sequential,24,500,122,DOWN,0.0387,1.0,0.118,0.9826,127,104,104,104,SSTF
222,sequential,38,150,81,DOWN,0.2076,1.0,0.1315,0.9784,76,39,201,296,SSTF
223,sequential,36,300,77,DOWN,0.0979,1.0,0.0,1.0,47,58,166,598,FCFS
224,sequential,20,400,302,DOWN,0.0401,1.0,0.0,1.0,226,207,207,207,SSTF
225,sequential,40,150,134,DOWN,0.2184,1.0,0.1281,0.9795,82,82,82,82,FCFS
226,sequential,21,300,79,UP,0.0566,1.0,0.1265,0.98,43,23,23,23,SSTF
227,sequential,28,250,159,DOWN,0.0883,1.0,0.1376,0.9704,79,53,53,53,SSTF
228,sequential,17,250,218,DOWN,0.0542,1.0,0.0,1.0,99,99,99,99,FCFS
229,sequential,52,500,454,DOWN,0.0853,1.0,0.0,1.0,212,161,161,161,SSTF
230,sequential,14,400,35,UP,0.0257,1.0,0.2055,0.9385,121,121,121,121,FCFS
231,sequential,55,250,58,UP,0.1811,1.0,0.1089,0.9852,155,101,101,101,SSTF
232,sequential,18,500,360,UP,0.0287,1.0,0.0,1.0,122,105,105,105,SSTF
233,sequential,22,500,153,UP,0.0354,1.0,0.1746,0.9619,133,112,804,907,SSTF
234,sequential,32,150,75,DOWN,0.1741,1.0,0.0,1.0,65,34,34,34,SSTF
235,sequential,39,200,62,DOWN,0.1596,1.0,0.0918,0.9895,164,126,250,310,SSTF
236,sequential,55,200,43,UP,0.2264,1.0,0.154,0.9704,108,108,108,108,FCFS
237,sequential,51,300,123,DOWN,0.1396,1.0,0.196,0.952,156,106,106,106,SSTF
238,sequential,21,200,118,DOWN,0.0843,1.0,0.1265,0.98,124,104,104,104,SSTF
239,sequential,28,500,4,DOWN,0.0453,1.0,0.1089,0.9852,390,390,398,635,FCFS
240,sequential,55,400,80,UP,0.113,1.0,0.0,1.0,237,237,237,237,FCFS
241,sequential,34,400,153,DOWN,0.0692,1.0,0.0,1.0,45,54,318,798,FCFS
242,sequential,28,300,154,UP,0.0757,1.0,0.154,0.9704,85,58,58,58,SSTF
243,sequential,42,150,60,DOWN,0.2299,1.0,0.0883,0.9902,53,53,53,53,FCFS
244,sequential,34,400,151,DOWN,0.0692,1.0,0.0985,0.9879,243,243,545,588,FCFS
245,sequential,54,300,140,UP,0.1479,1.0,0.1099,0.9849,116,63,63,63,SSTF
246,sequential,55,500,498,UP,0.0904,1.0,0.1333,0.9778,251,251,253,801,FCFS
247,sequential,43,250,198,UP,0.1384,1.0,0.1091,0.981,41,41,143,497,FCFS
248,sequential,34,200,162,UP,0.1387,1.0,0.1393,0.9758,52,47,93,396,SSTF
249,sequential,28,500,386,UP,0.0453,1.0,0.1089,0.9852,210,210,436,815,FCFS
250,sequential,18,500,330,UP,0.0287,1.0,0.194,0.9529,332,315,653,700,SSTF
251,sequential,40,150,148,DOWN,0.2187,1.0,0.1812,0.959,149,110,110,110,SSTF
252,sequential,20,150,75,DOWN,0.1073,1.0,0.0,1.0,63,63,63,63,FCFS
253,sequential,38,200,51,UP,0.1557,1.0,0.1611,0.9676,39,72,298,397,FCFS
254,sequential,35,400,256,DOWN,0.0729,1.0,0.1486,0.9765,244,209,209,209,SSTF
255,sequential,28,300,151,DOWN,0.0757,1.0,0.154,0.9704,113,86,86,86,SSTF
256,sequential,41,150,36,UP,0.2245,1.0,0.1265,0.98,64,64,64,64,FCFS
257,sequential,55,300,285,DOWN,0.1507,1.0,0.154,0.9704,273,219,219,219,SSTF
258,sequential,37,150,67,UP,0.2022,1.0,0.1333,0.9778,67,67,195,297,FCFS
259,sequential,35,500,383,DOWN,0.0583,1.0,0.1149,0.9882,120,85,85,85,SSTF
260,sequential,36,500,481,DOWN,0.0587,1.0,0.1912,0.9543,475,440,440,440,SSTF
261,sequential,55,200,120,UP,0.2296,1.0,0.1602,0.9704,79,79,237,374,FCFS
262,sequential,47,250,234,UP,0.1542,1.0,0.1668,0.9652,237,191,221,353,SSTF
263,sequential,16,500,421,DOWN,0.0254,1.0,0.0,1.0,33,18,18,18,SSTF
264,sequential,31,500,209,UP,0.0504,1.0,0.1033,0.9867,148,118,118,118,SSTF
265,sequential,14,150,77,DOWN,0.0738,1.0,0.0,1.0,60,47,201,264,SSTF
266,sequential,18,200,137,UP,0.072,1.0,0.0,1.0,51,34,34,34,SSTF
267,sequential,41,250,171,DOWN,0.1316,1.0,0.1119,0.98,115,76,76,76,SSTF
268,sequential,21,300,50,DOWN,0.0563,1.0,0.0,1.0,107,107,207,511,FCFS
269,sequential,38,250,8,DOWN,0.1244,1.0,0.093,0.9892,63,63,79,472,FCFS
270,sequential,40,300,120,DOWN,0.1112,1.0,0.2069,0.9487,62,62,62,62,FCFS
271,sequential,55,250,139,DOWN,0.181,1.0,0.1886,0.9556,58,58,336,494,FCFS
272,sequential,37,250,48,UP,0.1207,1.0,0.1633,0.9667,190,190,190,190,FCFS
273,sequential,17,500,108,UP,0.0271,1.0,0.0,1.0,271,271,271,271,FCFS
274,sequential,33,200,32,UP,0.1313,1.0,0.1627,0.9625,66,66,66,66,FCFS
275,sequential,47,200,150,UP,0.193,1.0,0.0834,0.9913,123,77,175,367,SSTF
276,sequential,33,200,152,UP,0.1345,1.0,0.1,0.9875,143,143,237,287,FCFS
277,sequential,21,200,138,DOWN,0.0846,1.0,0.1265,0.98,26,26,290,398,FCFS
278,sequential,19,500,443,UP,0.0304,1.0,0.0,1.0,337,319,431,697,SSTF
279,sequential,12,250,202,UP,0.0376,1.0,0.0,1.0,16,17,99,497,FCFS
280,sequential,32,150,44,DOWN,0.1747,1.0,0.176,0.9613,110,79,167,250,SSTF
281,sequential,20,500,215,UP,0.0321,1.0,0.0,1.0,276,257,257,257,SSTF
282,sequential,16,300,229,DOWN,0.0425,1.0,0.1461,0.9733,93,93,93,93,FCFS
283,sequential,49,150,115,UP,0.2689,1.0,0.1414,0.975,132,84,152,262,SSTF
284,sequential,14,500,401,DOWN,0.0222,1.0,0.1569,0.9692,109,96,96,96,SSTF
285,sequential,53,150,15,DOWN,0.2912,1.0,0.1109,0.9846,56,56,78,298,FCFS
286,sequential,39,500,55,DOWN,0.0637,1.0,0.0918,0.9895,311,311,421,725,FCFS
287,sequential,40,150,20,DOWN,0.2229,1.0,0.1077,0.9897,71,71,111,267,FCFS
288,sequential,21,150,32,DOWN,0.1087,1.0,0.1617,0.96,26,26,90,291,FCFS
289,sequential,52,400,280,DOWN,0.1068,1.0,0.1372,0.9765,115,115,115,115,FCFS
290,sequential,50,400,150,DOWN,0.1041,1.0,0.125,0.9837,55,55,355,793,FCFS
291,sequential,50,300,50,UP,0.1369,1.0,0.1143,0.9837,82,82,82,82,FCFS
292,sequential,53,400,369,UP,0.1072,1.0,0.0976,0.9846,263,212,272,637,SSTF
293,sequential,40,200,105,DOWN,0.1639,1.0,0.0906,0.9897,62,62,226,398,FCFS
294,sequential,37,300,48,DOWN,0.1006,1.0,0.1633,0.9667,243,243,339,391,FCFS
295,sequential,32,500,130,DOWN,0.0521,1.0,0.176,0.9613,324,324,584,705,FCFS
296,sequential,55,300,34,UP,0.1508,1.0,0.1089,0.9852,150,150,150,150,FCFS
297,sequential,17,300,49,DOWN,0.0451,1.0,0.2,0.95,49,33,33,33,SSTF
298,sequential,47,150,143,DOWN,0.2575,1.0,0.0834,0.9913,150,104,104,104,SSTF
299,sequential,19,300,181,DOWN,0.0509,1.0,0.1886,0.9556,132,114,114,114,SSTF
300,sequential,15,250,153,DOWN,0.0476,1.0,0.0,1.0,57,57,363,455,FCFS
301,sequential,18,400,259,UP,0.0359,1.0,0.1372,0.9765,99,99,99,99,FCFS
302,sequential,54,300,114,UP,0.1479,1.0,0.0,1.0,53,53,423,597,FCFS
303,sequential,47,250,29,DOWN,0.1543,1.0,0.0,1.0,207,161,219,383,SSTF
304,sequential,26,300,287,UP,0.0702,1.0,0.0,1.0,261,236,260,387,SSTF
305,sequential,54,500,136,UP,0.0887,1.0,0.1099,0.9849,234,181,181,181,SSTF
306,sequential,29,500,390,DOWN,0.0458,1.0,0.2347,0.9286,138,111,111,111,SSTF
307,sequential,34,150,46,UP,0.1855,1.0,0.1393,0.9758,58,41,231,297,SSTF
308,sequential,54,300,35,UP,0.1479,1.0,0.0777,0.9925,133,133,133,133,FCFS
309,sequential,52,150,23,UP,0.2853,1.0,0.1372,0.9765,55,98,256,296,FCFS
310,sequential,38,300,174,UP,0.1035,1.0,0.0,1.0,133,96,346,539,SSTF
311,sequential,31,500,166,UP,0.0504,1.0,0.1033,0.9867,44,46,680,997,FCFS
312,sequential,21,200,193,UP,0.0848,1.0,0.1265,0.98,176,156,168,262,SSTF
313,sequential,17,250,113,DOWN,0.0541,1.0,0.1414,0.975,38,22,248,492,SSTF
314,sequential,50,300,212,DOWN,0.1368,1.0,0.1143,0.9837,62,62,62,62,FCFS
315,sequential,44,150,88,DOWN,0.241,1.0,0.122,0.9814,72,57,205,298,SSTF
316,sequential,30,500,347,DOWN,0.0487,1.0,0.0,1.0,90,61,61,61,SSTF
317,sequential,54,250,11,UP,0.1751,1.0,0.0967,0.9849,79,79,79,79,FCFS
318,sequential,50,150,1,UP,0.2744,1.0,0.0808,0.9918,66,66,66,66,FCFS
319,sequential,25,200,195,DOWN,0.1012,1.0,0.0,1.0,176,152,152,152,SSTF
320,sequential,32,150,1,DOWN,0.1741,1.0,0.0,1.0,110,79,81,250,SSTF
321,clustered,39,200,33,DOWN,0.4607,0.6964,1.0,0.2347,463,125,191,384,SSTF
322,clustered,26,400,286,DOWN,0.4595,0.2453,0.8608,0.2783,831,217,574,797,SSTF
323,clustered,37,500,21,DOWN,0.5928,0.2236,0.9918,0.2431,2182,401,443,927,SSTF
324,clustered,41,150,80,DOWN,0.5529,0.8367,0.9359,0.2553,464,156,199,291,SSTF
325,clustered,37,500,327,DOWN,0.4543,0.2925,0.9319,0.3307,1289,308,706,987,SSTF
326,clustered,19,300,10,DOWN,0.2795,0.3918,0.554,0.402,479,241,261,453,SSTF
327,clustered,51,300,185,UP,0.509,0.5604,1.0,0.2007,851,311,361,584,SSTF
328,clustered,18,200,111,DOWN,0.4404,0.3429,0.7229,0.6253,211,157,273,398,SSTF
329,clustered,17,300,158,DOWN,0.3912,0.2677,1.0,0.2771,380,179,369,564,SSTF
330,clustered,33,200,19,UP,0.4861,0.528,1.0,0.371,500,146,146,146,SSTF
331,clustered,44,200,198,DOWN,0.3034,1.0,1.0,0.2107,536,149,149,149,SSTF
332,clustered,53,200,60,UP,0.4656,0.9217,1.0,0.2932,570,143,297,397,SSTF
333,clustered,28,200,44,UP,0.4542,0.5437,0.8398,0.4418,328,111,111,111,SSTF
334,clustered,53,150,45,DOWN,0.4964,1.0,1.0,0.3002,459,97,163,271,SSTF
335,clustered,48,400,229,DOWN,0.4236,0.4824,1.0,0.2519,1052,309,517,796,SSTF
336,clustered,32,200,112,UP,0.2599,1.0,0.992,0.2548,318,64,238,392,SSTF
337,clustered,40,500,155,DOWN,0.5607,0.2703,1.0,0.2289,1334,351,549,797,SSTF
338,clustered,15,250,129,UP,0.2848,0.3947,1.0,0.5479,147,106,284,465,SSTF
339,clustered,41,300,19,UP,0.4545,0.5395,1.0,0.3243,843,207,207,207,SSTF
340,clustered,30,150,23,DOWN,0.5249,0.6742,0.9483,0.2178,422,101,147,285,SSTF
341,clustered,49,400,378,UP,0.4597,0.4356,1.0,0.2084,1251,289,331,733,SSTF
342,clustered,48,500,96,DOWN,0.3787,0.3934,1.0,0.3856,1228,287,479,954,SSTF
343,clustered,42,400,77,UP,0.5562,0.336,1.0,0.2441,1575,251,646,796,SSTF
344,clustered,18,250,182,UP,0.5171,0.2466,1.0,0.2674,366,161,263,392,SSTF
345,clustered,53,200,10,UP,0.4985,0.8983,0.9419,0.2662,582,150,150,150,SSTF
346,clustered,40,300,268,UP,0.5204,0.4301,1.0,0.3688,628,204,266,579,SSTF
347,clustered,35,250,99,DOWN,0.5456,0.4795,1.0,0.2542,942,193,295,464,SSTF
348,clustered,55,400,26,DOWN,0.4803,0.4803,1.0,0.2539,1658,301,353,725,SSTF
349,clustered,33,150,142,DOWN,0.4534,0.825,0.8819,0.2354,325,111,111,111,SSTF
350,clustered,28,500,436,UP,0.3264,0.2887,0.9545,0.3784,583,220,346,971,SSTF
351,clustered,17,400,339,UP,0.0664,1.0,0.3937,0.2201,433,233,353,597,SSTF
352,clustered,31,500,357,DOWN,0.269,0.3899,1.0,0.2177,930,267,267,267,SSTF
353,clustered,50,500,480,UP,0.5654,0.3067,1.0,0.2072,2196,394,432,929,SSTF
354,clustered,47,300,168,UP,0.4668,0.5767,1.0,0.2921,793,269,369,588,SSTF
355,clustered,55,400,47,DOWN,0.5179,0.4661,1.0,0.2334,1598,281,375,752,SSTF
356,clustered,35,150,92,DOWN,0.4609,0.8642,1.0,0.2326,387,143,201,286,SSTF
357,clustered,25,250,242,DOWN,0.4805,0.3846,1.0,0.2236,418,180,180,180,SSTF
358,clustered,26,200,39,UP,0.2944,0.7761,1.0,0.3219,379,111,111,111,SSTF
359,clustered,18,400,394,UP,0.3351,0.2384,0.6485,0.311,715,239,249,709,SSTF
360,clustered,33,400,67,DOWN,0.5763,0.2661,1.0,0.3327,1151,318,370,796,SSTF
361,clustered,22,200,177,UP,0.2363,0.8,1.0,0.4095,210,78,122,374,SSTF
362,clustered,40,150,105,DOWN,0.3716,1.0,1.0,0.3339,224,78,78,78,SSTF
363,clustered,27,300,145,DOWN,0.5033,0.314,1.0,0.4972,387,262,381,531,SSTF
364,clustered,46,200,79,DOWN,0.5129,0.7541,1.0,0.2536,589,199,236,393,SSTF
365,clustered,35,500,484,DOWN,0.5082,0.2448,0.8765,0.3467,1443,364,364,364,SSTF
366,clustered,30,300,257,DOWN,0.345,0.531,1.0,0.3295,660,205,205,205,SSTF
367,clustered,24,400,70,DOWN,0.5166,0.2043,0.939,0.2451,776,265,405,767,SSTF
368,clustered,53,300,190,UP,0.4548,0.6625,1.0,0.2042,1025,206,330,581,SSTF
369,clustered,45,150,72,UP,0.2745,1.0,1.0,0.2439,352,53,160,297,SSTF
370,clustered,29,300,262,UP,0.5087,0.3353,1.0,0.2169,497,204,278,566,SSTF
371,clustered,17,200,115,DOWN,0.0501,1.0,0.5497,0.2277,74,13,243,397,SSTF
372,clustered,38,150,101,DOWN,0.528,0.8636,0.8223,0.2025,339,106,221,294,SSTF
373,clustered,36,150,95,UP,0.5341,0.8182,0.9259,0.2899,500,110,172,280,SSTF
374,clustered,32,150,85,UP,0.4526,0.7442,0.8554,0.282,294,141,184,297,SSTF
375,clustered,14,250,234,DOWN,0.3775,0.2718,0.8464,0.4343,338,153,153,153,SSTF
376,clustered,20,500,240,DOWN,0.4254,0.1556,0.7649,0.3382,522,408,632,998,SSTF
377,clustered,12,150,4,DOWN,0.0723,1.0,0.3168,0.2182,136,101,109,210,SSTF
378,clustered,21,400,372,DOWN,0.3034,0.3066,0.8086,0.3728,540,299,299,299,SSTF
379,clustered,30,200,77,UP,0.5644,0.4839,0.8932,0.2387,647,160,281,378,SSTF
380,clustered,27,300,234,UP,0.2392,0.6585,1.0,0.32,500,171,301,508,SSTF
381,clustered,43,400,274,UP,0.4296,0.3945,1.0,0.2502,832,238,446,793,SSTF
382,clustered,44,400,123,UP,0.4675,0.3793,0.9261,0.2499,1036,274,593,796,SSTF
383,clustered,39,150,90,UP,0.4835,0.963,0.9666,0.1946,369,138,176,290,SSTF
384,clustered,38,200,170,UP,0.3043,1.0,0.8763,0.2751,332,82,140,386,SSTF
385,clustered,35,150,134,UP,0.4833,0.8235,0.7359,0.2676,423,101,131,281,SSTF
386,clustered,42,150,99,DOWN,0.4944,0.9882,1.0,0.3474,337,105,219,297,SSTF
387,clustered,13,250,201,UP,0.3888,0.2281,0.983,0.6867,295,136,232,475,SSTF
388,clustered,27,500,336,UP,0.4686,0.2053,0.7331,0.2856,855,304,546,958,SSTF
389,clustered,33,200,11,DOWN,0.4525,0.6111,1.0,0.3483,379,145,167,360,SSTF
390,clustered,33,500,89,DOWN,0.4567,0.2463,0.8013,0.2595,1552,302,480,963,SSTF
391,clustered,42,500,93,UP,0.4962,0.2819,1.0,0.2661,1520,302,302,302,SSTF
392,clustered,41,150,75,UP,0.5739,0.8817,1.0,0.2472,466,143,199,297,SSTF
393,clustered,24,150,80,DOWN,0.5476,0.5393,0.9742,0.1971,343,132,198,295,SSTF
394,clustered,37,400,242,DOWN,0.5002,0.3217,0.8779,0.2605,1205,388,554,752,SSTF
395,clustered,53,200,73,DOWN,0.6116,0.7852,1.0,0.2463,793,177,237,369,SSTF
396,clustered,53,250,69,UP,0.5231,0.6667,1.0,0.2092,830,182,384,491,SSTF
397,clustered,39,300,225,DOWN,0.5169,0.4457,1.0,0.2572,933,212,452,598,SSTF
398,clustered,23,300,254,DOWN,0.5279,0.2584,0.7454,0.4191,634,201,201,201,SSTF
399,clustered,29,150,108,UP,0.5647,0.5979,0.8964,0.2238,296,115,159,279,SSTF
400,clustered,50,200,139,DOWN,0.4862,0.8621,0.9153,0.3505,590,133,296,398,SSTF
401,clustered,18,150,83,DOWN,0.4902,0.4444,0.7601,0.3614,303,131,195,276,SSTF
402,clustered,40,400,367,DOWN,0.5343,0.3162,1.0,0.2624,1105,285,285,285,SSTF
403,clustered,40,250,114,UP,0.5094,0.5594,1.0,0.3329,651,225,337,495,SSTF
404,clustered,34,400,222,DOWN,0.5114,0.2894,0.8502,0.25,1271,387,525,753,SSTF
405,clustered,15,150,103,DOWN,0.049,1.0,0.4467,0.2316,42,11,11,11,SSTF
406,clustered,55,200,7,UP,0.5365,0.9091,1.0,0.2966,624,150,150,150,SSTF
407,clustered,55,300,17,UP,0.5047,0.6111,1.0,0.2538,1000,217,217,217,SSTF
408,clustered,27,500,187,DOWN,0.2546,0.383,0.9649,0.3211,556,202,452,960,SSTF
409,clustered,48,150,39,DOWN,0.4962,1.0,0.8279,0.2298,529,110,158,296,SSTF
410,clustered,35,300,39,UP,0.3059,0.6931,1.0,0.2036,543,120,120,120,SSTF
411,clustered,35,300,160,DOWN,0.3041,0.6667,1.0,0.2161,634,114,330,597,SSTF
412,clustered,19,150,47,DOWN,0.0405,1.0,0.6074,0.2331,115,63,157,242,SSTF
413,clustered,36,400,60,DOWN,0.4827,0.3158,0.8536,0.2375,793,268,388,757,SSTF
414,clustered,40,200,156,DOWN,0.4977,0.7273,1.0,0.2256,674,138,313,398,SSTF
415,clustered,43,200,31,UP,0.4559,0.819,1.0,0.1957,767,118,118,118,SSTF
416,clustered,40,200,182,DOWN,0.5148,0.6838,0.9638,0.2348,562,139,139,139,SSTF
417,clustered,55,250,170,DOWN,0.4919,0.8088,0.9389,0.2588,768,157,362,494,SSTF
418,clustered,16,400,277,DOWN,0.4203,0.1788,1.0,0.3806,677,200,576,793,SSTF
419,clustered,22,500,363,UP,0.4682,0.1618,0.7358,0.4776,839,277,537,995,SSTF
420,clustered,44,200,31,UP,0.2812,1.0,1.0,0.2093,419,82,82,82,SSTF
421,clustered,27,300,13,DOWN,0.3268,0.5047,1.0,0.3277,532,160,186,544,SSTF
422,clustered,48,250,119,UP,0.4592,0.7328,0.9909,0.2299,802,201,319,494,SSTF
423,clustered,17,150,79,DOWN,0.3915,0.5231,0.9421,0.2305,217,87,181,288,SSTF
424,clustered,42,400,210,DOWN,0.535,0.3621,1.0,0.343,1149,347,536,793,SSTF
425,clustered,16,200,81,UP,0.0507,1.0,0.5228,0.3161,121,60,60,60,SSTF
426,clustered,41,500,264,DOWN,0.4821,0.2898,1.0,0.2912,1036,454,638,929,SSTF
427,clustered,47,500,300,UP,0.5045,0.323,1.0,0.2774,1437,487,607,982,SSTF
428,clustered,39,400,28,UP,0.5611,0.2989,1.0,0.2048,1410,304,304,304,SSTF
429,clustered,21,250,42,UP,0.5452,0.2917,1.0,0.2086,372,149,149,149,SSTF
430,clustered,26,250,242,DOWN,0.4653,0.3688,0.8254,0.2337,554,190,190,190,SSTF
431,clustered,28,200,162,DOWN,0.2614,0.9032,0.8958,0.3039,336,108,108,108,SSTF
432,clustered,52,250,157,UP,0.4591,0.7376,1.0,0.2089,686,237,281,476,SSTF
433,clustered,53,200,151,UP,0.533,0.8548,1.0,0.2925,822,128,214,397,SSTF
434,clustered,54,400,368,DOWN,0.4976,0.4696,1.0,0.2533,1552,295,295,295,SSTF
435,clustered,14,150,20,UP,0.3929,0.4444,1.0,0.5392,168,87,87,87,SSTF
436,clustered,48,250,166,UP,0.3433,0.9897,1.0,0.2799,729,124,290,470,SSTF
437,clustered,38,400,327,UP,0.5711,0.3128,1.0,0.3174,1166,244,384,796,SSTF
438,clustered,52,400,148,DOWN,0.4666,0.4464,1.0,0.3363,1167,399,463,762,SSTF
439,clustered,27,500,207,DOWN,0.4399,0.1942,0.9159,0.3154,835,462,604,990,SSTF
440,clustered,16,500,30,UP,0.384,0.1509,0.8564,0.224,911,303,303,303,SSTF
441,clustered,38,300,237,UP,0.2492,0.8352,1.0,0.2544,462,155,279,533,SSTF
442,clustered,50,200,80,DOWN,0.5064,0.8264,1.0,0.2799,619,195,235,395,SSTF
443,clustered,34,300,66,DOWN,0.5069,0.3757,0.8688,0.3151,669,187,319,591,SSTF
444,clustered,47,150,81,UP,0.4945,1.0,1.0,0.2468,459,134,182,296,SSTF
445,clustered,19,250,115,UP,0.2152,0.6333,0.9185,0.2066,252,70,70,70,SSTF
446,clustered,18,150,74,DOWN,0.2941,0.7347,0.9685,0.2014,138,60,154,298,SSTF
447,clustered,38,200,40,DOWN,0.4917,0.6333,1.0,0.2696,549,147,195,397,SSTF
448,clustered,32,200,195,UP,0.5579,0.4961,0.8905,0.3177,512,167,175,359,SSTF
449,clustered,44,300,255,DOWN,0.5103,0.4972,1.0,0.2589,1005,206,206,206,SSTF
450,clustered,13,150,100,DOWN,0.4089,0.3824,0.7779,0.2036,214,78,211,298,SSTF
451,clustered,25,400,180,UP,0.5572,0.1984,0.8904,0.3015,831,394,546,721,SSTF
452,clustered,30,300,240,DOWN,0.5537,0.3077,1.0,0.3845,672,221,495,583,SSTF
453,clustered,12,150,110,UP,0.3554,0.4,0.8917,0.5425,147,60,136,297,SSTF
454,clustered,35,300,187,UP,0.5625,0.3723,1.0,0.2186,578,235,363,576,SSTF
455,clustered,15,400,287,UP,0.2702,0.2158,1.0,0.4538,428,174,398,762,SSTF
456,clustered,47,250,18,DOWN,0.569,0.5802,1.0,0.3259,807,186,222,473,SSTF
457,clustered,40,400,143,UP,0.4536,0.3846,0.8742,0.2781,964,260,565,790,SSTF
458,clustered,18,300,191,DOWN,0.59,0.1846,0.7203,0.2784,644,254,442,562,SSTF
459,clustered,35,200,50,DOWN,0.5258,0.5738,1.0,0.4111,381,137,205,396,SSTF
460,clustered,14,150,9,UP,0.3428,0.5,0.9294,0.5067,136,93,93,93,SSTF
461,clustered,33,300,265,DOWN,0.5024,0.3929,1.0,0.408,566,207,207,207,SSTF
462,clustered,50,400,71,DOWN,0.5812,0.3704,1.0,0.2478,1658,273,415,794,SSTF
463,clustered,32,200,100,DOWN,0.5523,0.5161,0.7794,0.3278,593,209,257,396,SSTF
464,clustered,33,400,260,DOWN,0.4981,0.2716,0.9049,0.2819,954,299,577,772,SSTF
465,clustered,48,250,121,UP,0.4905,0.6957,0.7621,0.2305,880,239,319,497,SSTF
466,clustered,33,500,56,DOWN,0.4577,0.2472,1.0,0.2218,870,327,439,937,SSTF
467,clustered,31,500,446,UP,0.5458,0.2095,1.0,0.3779,1085,354,460,939,SSTF
468,clustered,42,250,247,UP,0.4456,0.6087,1.0,0.3517,625,206,210,429,SSTF
469,clustered,15,400,245,UP,0.3255,0.2027,0.7978,0.4717,406,205,435,796,SSTF
470,clustered,52,500,317,DOWN,0.5268,0.3323,1.0,0.2351,1287,404,726,949,SSTF
471,clustered,55,200,8,UP,0.4723,0.9821,1.0,0.2351,609,150,150,150,SSTF
472,clustered,13,300,160,DOWN,0.2684,0.2955,0.8888,0.472,204,123,356,575,SSTF
473,clustered,38,500,104,DOWN,0.4952,0.2648,0.997,0.2331,1097,289,497,995,SSTF
474,clustered,51,300,31,UP,0.557,0.5285,0.908,0.2121,1060,217,217,217,SSTF
475,clustered,25,400,166,DOWN,0.473,0.2392,1.0,0.2231,700,271,477,676,SSTF
476,clustered,36,250,244,UP,0.504,0.5,1.0,0.2788,830,197,207,444,SSTF
477,clustered,46,250,139,DOWN,0.4893,0.6133,0.9714,0.2451,813,239,337,462,SSTF
478,clustered,55,500,411,DOWN,0.5069,0.3754,1.0,0.293,1933,320,320,320,SSTF
479,clustered,42,200,63,DOWN,0.4372,0.8155,1.0,0.3413,472,120,210,398,SSTF
480,clustered,31,200,76,DOWN,0.5155,0.5345,0.7654,0.2717,598,140,242,377,SSTF
481,bursty,25,500,360,DOWN,0.8274,0.1042,0.6762,0.3417,1363,828,850,923,SSTF
482,bursty,42,250,143,DOWN,0.7991,0.3544,0.6879,0.2609,1326,342,392,487,SSTF
483,bursty,19,400,346,DOWN,0.7983,0.1041,0.7417,0.2037,953,382,710,796,SSTF
484,bursty,34,200,74,UP,0.7438,0.3953,0.8332,0.2435,937,288,304,365,SSTF
485,bursty,17,250,236,DOWN,0.6926,0.1611,0.6314,0.35,496,226,226,226,SSTF
486,bursty,28,500,245,UP,0.7984,0.1231,0.901,0.2132,1871,741,729,974,SCAN
487,bursty,46,250,238,DOWN,0.7848,0.3932,0.602,0.2403,1561,233,476,498,SSTF
488,bursty,18,400,379,UP,0.5639,0.1324,0.7691,0.2597,821,366,406,703,SSTF
489,bursty,15,500,463,UP,0.8394,0.0659,0.7152,0.3339,1476,490,490,947,SSTF
490,bursty,26,150,25,DOWN,0.7716,0.3824,0.8233,0.3188,483,150,170,276,SSTF
491,bursty,42,150,35,UP,0.8378,0.5638,0.7431,0.1981,844,182,262,286,SSTF
492,bursty,22,300,243,DOWN,0.8733,0.1497,0.732,0.2071,1321,435,536,564,SSTF
493,bursty,24,250,82,DOWN,0.7428,0.2264,0.8681,0.2369,718,355,308,479,SCAN
494,bursty,15,150,146,UP,0.7217,0.2479,0.6937,0.3394,256,123,123,265,SSTF
495,bursty,14,200,106,UP,0.6347,0.2,0.7241,0.3146,424,202,249,364,SSTF
496,bursty,37,300,95,DOWN,0.7818,0.2721,0.6272,0.2472,1819,368,378,593,SSTF
497,bursty,12,250,145,UP,0.6548,0.1364,0.7497,0.3938,324,290,323,462,SSTF
498,bursty,30,300,278,DOWN,0.8551,0.2027,0.9154,0.2732,1428,312,573,597,SSTF
499,bursty,44,300,139,UP,0.8604,0.2933,0.817,0.2188,1416,459,459,557,SSTF
500,bursty,33,200,187,DOWN,0.8093,0.3587,0.7744,0.2945,930,199,386,395,SSTF
501,bursty,28,500,95,UP,0.7874,0.1215,0.7028,0.242,1941,555,903,971,SSTF
502,bursty,33,250,145,UP,0.7858,0.2946,0.8407,0.2781,1040,362,347,488,SCAN
503,bursty,51,500,459,DOWN,0.8005,0.2129,0.7447,0.2393,3441,598,942,981,SSTF
504,bursty,44,250,22,DOWN,0.7865,0.3877,0.5743,0.2729,1574,238,258,481,SSTF
505,bursty,18,200,35,DOWN,0.7382,0.2057,0.6633,0.2312,442,201,217,374,SSTF
506,bursty,27,150,66,DOWN,0.743,0.4219,0.7503,0.2325,487,211,193,293,SCAN
507,bursty,40,250,244,DOWN,0.7891,0.3556,0.7211,0.2415,1396,235,235,235,SSTF
508,bursty,49,500,293,UP,0.8219,0.2068,0.5753,0.2603,3223,679,679,991,SSTF
509,bursty,53,250,177,UP,0.8227,0.4327,0.5734,0.2498,1697,311,321,478,SSTF
510,bursty,54,150,119,DOWN,0.8235,0.7606,0.7261,0.2063,1150,169,266,297,SSTF
511,bursty,37,500,257,DOWN,0.8095,0.1551,0.7585,0.2566,2448,718,756,984,SSTF
512,bursty,19,500,469,DOWN,0.8097,0.0803,0.671,0.3057,1068,477,941,995,SSTF
513,bursty,51,200,56,UP,0.5081,0.8947,0.6687,0.2005,1037,143,143,143,SSTF
514,bursty,21,300,191,DOWN,0.8384,0.1469,0.7839,0.3388,887,470,482,538,SSTF
515,bursty,47,300,275,UP,0.8662,0.3133,0.8219,0.2828,2187,323,323,580,SSTF
516,bursty,27,500,386,UP,0.8129,0.1184,0.9017,0.3673,1741,566,570,912,SSTF
517,bursty,40,400,360,DOWN,0.8036,0.2116,0.8394,0.2232,2056,416,759,785,SSTF
518,bursty,48,150,15,UP,0.8354,0.6443,0.7281,0.2305,1183,167,283,296,SSTF
519,bursty,46,200,42,DOWN,0.8591,0.46,0.7008,0.1992,1360,287,241,393,SCAN
520,bursty,40,150,52,DOWN,0.7359,0.6557,0.8375,0.2375,939,211,180,295,SCAN
521,bursty,44,300,28,DOWN,0.8315,0.3045,0.6486,0.2064,1886,339,319,597,SCAN
522,bursty,44,300,233,UP,0.8587,0.2933,0.8329,0.2918,1451,453,365,597,SCAN
523,bursty,41,500,413,DOWN,0.823,0.1745,0.7147,0.2911,2954,609,882,971,SSTF
524,bursty,13,300,130,UP,0.6949,0.1121,0.643,0.2112,571,361,468,585,SSTF
525,bursty,25,400,37,UP,0.815,0.1366,0.8033,0.2382,1660,448,761,796,SSTF
526,bursty,34,500,32,UP,0.8317,0.1388,0.7565,0.2902,2512,687,956,976,SSTF
527,bursty,42,150,73,DOWN,0.8139,0.5915,0.7468,0.2634,693,207,221,288,SSTF
528,bursty,20,500,373,DOWN,0.8641,0.0842,0.9333,0.2386,1717,600,872,916,SSTF
529,bursty,36,300,193,DOWN,0.68,0.3158,0.59,0.2242,1517,399,441,567,SSTF
530,bursty,55,500,447,UP,0.8277,0.2236,0.8776,0.2931,3062,543,543,936,SSTF
531,bursty,34,150,45,DOWN,0.8669,0.4533,0.5505,0.2051,620,261,194,296,SCAN
532,bursty,20,500,114,UP,0.6799,0.1015,0.6384,0.2082,1159,672,884,897,SSTF
533,bursty,13,250,118,DOWN,0.3594,0.2626,0.7457,0.2919,271,128,364,468,SSTF
534,bursty,36,200,63,DOWN,0.8783,0.3673,0.9452,0.2125,1162,331,262,372,SCAN
535,bursty,21,250,48,UP,0.815,0.1743,0.8673,0.2156,602,279,441,464,SSTF
536,bursty,54,300,8,UP,0.7893,0.4015,0.7649,0.2102,2294,291,291,291,SSTF
537,bursty,16,150,8,DOWN,0.575,0.3478,1.0,0.2415,349,121,137,268,SSTF
538,bursty,55,500,446,UP,0.8272,0.2263,0.6086,0.2081,3867,652,552,991,SCAN
539,bursty,14,300,224,UP,0.4877,0.1728,0.7886,0.4212,424,272,261,562,SCAN
540,bursty,25,150,35,DOWN,0.7158,0.431,0.9988,0.2247,675,152,162,298,SSTF
541,bursty,48,250,147,DOWN,0.7775,0.4267,0.688,0.2613,1403,332,394,496,SSTF
542,bursty,31,200,169,UP,0.8449,0.3212,0.7698,0.2809,1195,260,222,389,SCAN
543,bursty,31,250,15,UP,0.6589,0.3212,0.6422,0.3113,751,203,477,496,SSTF
544,bursty,55,300,284,DOWN,0.8625,0.3667,0.578,0.2025,2521,314,583,595,SSTF
545,bursty,34,500,343,DOWN,0.7454,0.1574,0.4886,0.2607,2694,605,842,953,SSTF
546,bursty,32,500,213,DOWN,0.8912,0.1301,1.0,0.2834,2636,777,712,908,SCAN
547,bursty,31,300,94,DOWN,0.6701,0.2719,0.7155,0.2734,1012,381,342,596,SCAN
548,bursty,26,250,219,UP,0.6269,0.2751,0.8681,0.2107,778,210,270,476,SSTF
549,bursty,15,400,211,DOWN,0.7594,0.086,0.6971,0.548,804,618,576,736,SCAN
550,bursty,45,200,99,UP,0.8592,0.45,0.6065,0.2725,1329,302,299,395,SCAN
551,bursty,25,250,165,UP,0.7329,0.2315,0.5311,0.2851,810,399,312,491,SCAN
552,bursty,35,150,137,UP,0.7545,0.5147,0.6378,0.2266,687,266,155,297,SCAN
553,bursty,29,300,20,UP,0.8673,0.1986,0.799,0.3405,1957,360,573,597,SSTF
554,bursty,49,500,343,UP,0.7888,0.2154,0.9118,0.2114,3604,565,655,926,SSTF
555,bursty,25,250,77,UP,0.8434,0.2075,0.7593,0.2193,942,419,419,497,SSTF
556,bursty,24,500,60,DOWN,0.8648,0.096,0.8441,0.2319,1711,559,559,918,SSTF
557,bursty,50,500,104,DOWN,0.7689,0.2203,0.5626,0.228,3237,542,572,954,SSTF
558,bursty,47,250,198,DOWN,0.7491,0.4273,0.8258,0.2399,1415,243,420,489,SSTF
559,bursty,41,400,332,DOWN,0.783,0.2198,0.7552,0.2289,2177,412,704,791,SSTF
560,bursty,28,250,131,DOWN,0.8765,0.2295,0.7744,0.2673,1096,361,380,463,SSTF
561,bursty,18,500,240,DOWN,0.6947,0.093,0.7085,0.2896,1219,655,663,965,SSTF
562,bursty,35,250,105,UP,0.7814,0.3125,0.7415,0.2217,1128,364,393,476,SSTF
563,bursty,26,500,74,UP,0.8102,0.1135,0.7594,0.301,1773,725,922,970,SSTF
564,bursty,47,400,296,DOWN,0.8043,0.2467,0.9311,0.2441,2176,685,695,798,SSTF
565,bursty,21,200,84,UP,0.8025,0.2346,0.7707,0.2193,626,299,293,395,SCAN
566,bursty,48,200,127,DOWN,0.8239,0.5,0.8402,0.251,1128,318,318,350,SSTF
567,bursty,43,500,328,DOWN,0.8054,0.183,0.7302,0.2594,2406,767,827,998,SSTF
568,bursty,22,500,407,DOWN,0.6583,0.1161,0.6927,0.3955,1209,435,867,991,SSTF
569,bursty,20,500,279,DOWN,0.8586,0.0813,0.6216,0.2721,1489,749,778,938,SSTF
570,bursty,46,500,490,UP,0.7883,0.1978,0.6834,0.2267,3134,490,508,972,SSTF
571,bursty,14,150,12,UP,0.4477,0.3836,0.8487,0.247,236,85,85,85,SSTF
572,bursty,20,500,118,UP,0.7897,0.0891,0.6725,0.4021,1238,792,866,924,SSTF
573,bursty,21,150,55,DOWN,0.8574,0.2877,0.8568,0.437,495,210,202,298,SCAN
574,bursty,15,400,326,DOWN,0.8335,0.0817,0.839,0.2691,775,434,720,797,SSTF
575,bursty,43,150,1,DOWN,0.7807,0.6187,0.863,0.2149,896,148,150,288,SSTF
576,bursty,13,400,369,DOWN,0.5473,0.1044,0.6526,0.423,514,274,764,795,SSTF
577,bursty,30,150,128,DOWN,0.847,0.4196,0.8482,0.296,655,177,277,298,SSTF
578,bursty,18,150,134,UP,0.5863,0.3711,0.7725,0.2265,407,129,159,265,SSTF
579,bursty,24,400,269,DOWN,0.7818,0.1387,0.765,0.3977,1344,430,623,785,SSTF
580,bursty,29,300,40,DOWN,0.6324,0.2723,0.8916,0.3603,762,368,252,597,SCAN
581,bursty,41,400,124,UP,0.7754,0.2198,0.7771,0.2741,2062,620,674,771,SSTF
582,bursty,55,150,8,UP,0.8264,0.7692,0.8024,0.2665,1221,143,283,297,SSTF
583,bursty,36,300,282,DOWN,0.792,0.2727,0.7791,0.2429,1657,278,278,278,SSTF
584,bursty,52,150,43,UP,0.8847,0.6933,0.762,0.2094,1294,255,255,280,SSTF
585,bursty,39,500,401,DOWN,0.8295,0.1688,0.9634,0.2176,2725,559,900,926,SSTF
586,bursty,18,400,21,UP,0.6511,0.1208,0.8567,0.4547,1134,333,333,333,SSTF
587,bursty,48,300,138,UP,0.8633,0.3288,0.8602,0.2052,2168,421,452,581,SSTF
588,bursty,55,250,230,UP,0.8307,0.4527,0.6422,0.2255,1919,321,267,495,SCAN
589,bursty,32,150,53,UP,0.8205,0.4539,0.5757,0.2249,777,195,245,293,SSTF
590,bursty,37,150,76,UP,0.7548,0.5692,0.6787,0.2353,894,192,209,290,SSTF
591,bursty,27,400,199,DOWN,0.7266,0.1651,0.9227,0.2692,1469,497,569,791,SSTF
592,bursty,20,500,370,UP,0.8762,0.082,0.7435,0.2331,1750,889,624,963,SCAN
593,bursty,34,150,25,DOWN,0.779,0.5113,0.8385,0.2195,746,163,169,294,SSTF
594,bursty,16,250,154,DOWN,0.6422,0.1739,0.728,0.3198,549,300,395,440,SSTF
595,bursty,13,500,139,DOWN,0.7259,0.0662,0.8055,0.3298,900,510,552,868,SSTF
596,bursty,26,250,141,DOWN,0.7713,0.2441,0.8255,0.2855,915,352,354,453,SSTF
597,bursty,23,500,299,DOWN,0.5022,0.1643,1.0,0.3259,1278,361,795,891,SSTF
598,bursty,51,250,204,UP,0.7938,0.4454,0.7024,0.2039,1648,422,284,496,SCAN
599,bursty,16,150,68,UP,0.7647,0.254,0.8006,0.3539,310,186,226,253,SSTF
600,bursty,52,200,189,DOWN,0.8479,0.5253,0.638,0.2395,1421,207,388,397,SSTF
601,bursty,35,150,23,UP,0.8368,0.4828,0.6515,0.2522,796,268,272,286,SSTF
602,bursty,40,250,194,DOWN,0.8203,0.3347,0.5528,0.285,1511,298,432,490,SSTF
603,bursty,20,150,47,DOWN,0.7444,0.3053,0.7483,0.2697,404,219,183,288,SCAN
604,bursty,47,400,262,DOWN,0.6797,0.2875,0.6862,0.2383,2122,445,631,774,SSTF
605,bursty,13,150,90,UP,0.4131,0.3881,0.7491,0.3089,168,99,151,288,SSTF
606,bursty,50,250,221,DOWN,0.806,0.431,0.8282,0.1904,1855,248,459,489,SSTF
607,bursty,30,300,198,UP,0.7696,0.2214,0.6094,0.3022,1118,468,372,595,SCAN
608,bursty,47,200,146,UP,0.8373,0.4921,0.7905,0.1894,1462,268,244,395,SCAN
609,bursty,36,200,35,DOWN,0.7787,0.3871,0.7192,0.3528,818,212,228,386,SSTF
610,bursty,29,300,74,UP,0.6387,0.2589,0.8547,0.3209,890,240,459,596,SSTF
611,bursty,39,250,107,DOWN,0.82,0.3264,0.7032,0.2976,1344,338,352,480,SSTF
612,bursty,16,250,64,UP,0.6714,0.1608,0.8657,0.365,434,220,392,478,SSTF
613,bursty,52,300,100,DOWN,0.7533,0.391,0.6234,0.2151,2085,354,376,567,SSTF
614,bursty,20,250,1,DOWN,0.5858,0.241,0.6891,0.2621,735,201,203,462,SSTF
615,bursty,51,300,168,DOWN,0.858,0.3411,0.7969,0.2355,2241,494,466,593,SCAN
616,bursty,39,500,498,UP,0.8467,0.1579,0.8231,0.245,2426,494,494,995,SSTF
617,bursty,32,400,355,UP,0.8103,0.1671,0.6704,0.2292,1312,730,436,793,SCAN
618,bursty,32,200,101,DOWN,0.8114,0.3536,0.8489,0.2817,941,262,300,388,SSTF
619,bursty,52,300,294,UP,0.7887,0.3866,0.7159,0.2363,2336,277,287,589,SSTF
620,bursty,36,250,209,DOWN,0.8432,0.288,0.7827,0.2237,1105,458,458,461,SSTF
621,bursty,19,400,102,UP,0.7348,0.1145,0.8491,0.3058,1152,407,628,776,SSTF
622,bursty,47,150,118,UP,0.789,0.6963,0.8178,0.26,993,173,169,295,SCAN
623,bursty,30,500,35,DOWN,0.8078,0.1325,1.0,0.2506,2705,485,489,970,SSTF
624,bursty,43,200,162,DOWN,0.7142,0.5212,0.9137,0.2198,1175,310,356,398,SSTF
625,bursty,28,500,78,DOWN,0.8029,0.122,0.663,0.2878,2142,855,543,977,SCAN
626,bursty,16,300,245,DOWN,0.8414,0.1131,0.9234,0.2262,578,322,530,598,SSTF
627,bursty,44,500,214,UP,0.7171,0.2085,0.8574,0.2275,2637,706,706,921,SSTF
628,bursty,46,400,326,UP,0.8593,0.2359,0.7346,0.2383,3418,452,472,760,SSTF
629,bursty,27,500,340,DOWN,0.7769,0.1171,0.7502,0.3446,1325,606,826,984,SSTF
630,bursty,53,400,22,DOWN,0.8536,0.265,0.7433,0.2081,3077,421,421,790,SSTF
631,bursty,33,300,54,UP,0.7605,0.2472,0.7952,0.2255,1268,303,527,594,SSTF
632,bursty,28,200,130,UP,0.8982,0.2828,1.0,0.3273,683,325,267,389,SCAN
633,bursty,35,300,237,UP,0.8248,0.2422,0.7872,0.2518,1348,381,361,587,SCAN
634,bursty,13,300,53,DOWN,0.3794,0.2063,0.7957,0.2677,350,214,320,509,SSTF
635,bursty,17,150,36,DOWN,0.5816,0.3269,0.9143,0.2376,297,112,166,245,SSTF
636,bursty,33,300,105,DOWN,0.7403,0.25,0.5034,0.2313,1059,471,370,588,SCAN
637,bursty,42,150,112,DOWN,0.701,0.7,0.7651,0.2126,786,149,244,296,SSTF
638,bursty,16,250,11,UP,0.7364,0.1488,0.6534,0.3402,486,225,225,225,SSTF
639,bursty,33,500,55,UP,0.7708,0.1486,0.6519,0.2528,1813,460,905,991,SSTF
640,bursty,27,400,89,UP,0.8201,0.1399,0.7433,0.3546,1348,687,703,737,SSTF
